Outlet_ID,0,1,2,cluster
ID7203,0.0,0.0,0.8369825,2
ID1878,0.0,0.0,0.8389696,2
ID1740,0.0,0.0,0.88260794,2
ID4366,0.0,0.0,0.9602291,2
ID8358,0.0,0.0,0.92328715,2
ID4722,0.0,0.0,0.9743775,2
ID5579,0.0,0.0,0.7717336,2
ID3876,0.0,0.0,0.8485317,2
ID7275,0.0,0.0,0.7869828,2
ID3726,0.0,0.0,0.80496716,2
ID9528,0.0,0.0,0.7246923,2
ID2152,0.0,0.0,0.833699,2
ID3656,0.0,0.0,0.9118103,2
ID4395,0.0,0.0,0.7835721,2
ID7405,0.0,0.0,0.813058,2
ID9945,0.0,0.0,0.8885837,2
ID6950,0.0,0.0,0.9204734,2
ID5199,0.0,0.0,0.783431,2
ID5556,0.0,0.0,0.8546163,2
ID8920,0.0,0.0,0.8830123,2
ID6352,0.0,0.0,0.80797863,2
ID2508,0.0,0.0,0.7768812,2
ID5561,0.0,0.0,0.7269422,2
ID6952,0.0,0.0,0.76187456,2
ID5295,0.0,0.0,0.8374082,2
ID8631,0.0,0.0,0.92795193,2
ID8493,0.0,0.0,0.89157295,2
ID6166,0.0,0.0,0.77560174,2
ID2979,0.0,0.0,0.78967905,2
ID9941,0.0,0.0,0.8833731,2
ID1110,0.0,0.0,0.7906922,2
ID7864,0.0,0.0,0.8308433,2
ID1734,0.0,0.0,0.7988589,2
ID8228,0.0,0.0,0.8833145,2
ID3807,0.0,0.0,0.8082075,2
ID5879,0.0,0.0,0.852396,2
ID2673,0.0,0.0,0.844805,2
ID6055,0.0,0.106286556,1.3627264,0
ID3715,0.0,0.0,0.7382647,2
ID9780,0.0,0.0,0.87130857,2
ID6863,0.0,0.0,0.8783548,2
ID5591,0.0,0.0,0.79268616,2
ID9919,0.0,0.0,0.8751857,2
ID4975,0.0,0.0,0.870062,2
ID3946,0.0,0.44185805,2.230461,3
ID7416,0.0,0.0,0.83843243,2
ID6026,0.0,0.0,0.8543921,2
ID7321,0.0,0.0,0.84047157,2
ID3582,0.0,0.0,0.92757833,2
ID4625,0.0,0.0,0.8812731,2
ID3447,0.0,0.0,0.8622311,2
ID4092,0.0,0.0,0.817835,2
ID6025,0.0,0.0,0.83681,2
ID9440,0.0,0.1564245,1.484253,0
ID8194,0.0,0.0,0.76287544,2
ID2846,0.0,0.0,0.8536147,2
ID4192,0.0,0.0,0.8525884,2
ID8119,0.0,0.0,0.8309754,2
ID9823,0.0,0.0,0.7542771,2
ID8893,0.0,0.0,0.73087037,2
ID5021,0.0,0.0,0.8134736,2
ID8735,0.0,0.0,0.9511708,2
ID7332,0.0,0.0,0.8723187,2
ID6292,0.0,0.0,0.824646,2
ID7462,0.0,0.0,0.92501414,2
ID5250,0.0,0.0,0.7878733,2
ID1997,0.0,0.0,0.85202515,2
ID3097,0.0,0.0,0.8829974,2
ID2499,0.0,0.0,0.89497936,2
ID1234,0.0,0.0,0.81107986,2
ID1008,0.0,0.0,0.78047526,2
ID9716,0.0,0.0,0.88330096,2
ID8619,0.0,0.0,0.80001605,2
ID1097,0.0,0.0,0.7305051,2
ID2819,0.0,0.1748448,1.5650054,0
ID2419,0.0,0.0,0.83181214,2
ID6094,0.0,0.0,0.7892306,2
ID4003,0.0,0.0,0.9226204,2
ID1946,0.0,0.0,0.87521124,2
ID1818,0.0,0.0,0.81530046,2
ID3425,0.0,0.0,0.8056388,2
ID3688,0.0,0.0,0.83724713,2
ID9010,0.0,0.0,0.79217106,2
ID8193,0.0,0.0,0.8362733,2
ID2906,0.0,0.0,0.78011066,2
ID3083,0.0,0.0,0.78152156,2
ID4299,0.0,0.0,0.89811486,2
ID6039,0.0,0.0,0.83041346,2
ID2142,0.0,0.0,0.82017577,2
ID1635,0.0,0.0,0.8451433,2
ID1732,0.0,0.0,0.8511379,2
ID7022,0.0,0.0,0.7457764,2
ID7466,0.0,0.0,0.906867,2
ID6900,0.0,0.19576931,1.5772741,0
ID2957,0.0,0.0,0.82912886,2
ID7687,0.0,0.0,0.8453858,2
ID2481,0.0,0.0,0.77346563,2
ID9979,0.0,0.0,0.7764145,2
ID1365,0.0,0.0,1.0264374,2
ID9549,0.0,0.0,0.8622992,2
ID7657,0.0,0.0,0.8833924,2
ID5859,0.0,0.2423594,1.6592557,0
ID5152,0.0,0.0,0.82876617,2
ID6135,0.0,0.0,0.8415041,2
ID7260,0.0,0.0,0.793614,2
ID4108,0.0,0.0,0.77801585,2
ID2137,0.0,0.0,0.8808284,2
ID2263,0.0,0.0,0.8211291,2
ID9349,0.0,0.0,0.75849473,2
ID1520,0.0,0.0,0.8651711,2
ID3221,0.0,0.0,0.95303714,2
ID4752,0.0,0.0,0.7861932,2
ID8286,0.0,0.0,0.7583835,2
ID9062,0.0,0.0,0.9240668,2
ID2655,0.0,0.0,0.8560996,2
ID1859,0.0,0.0,0.8050442,2
ID3980,0.0,0.0,0.7827676,2
ID5797,0.0,0.0,0.865312,2
ID6126,0.0,0.0,0.84370124,2
ID2716,0.0,0.0,0.8004813,2
ID6156,0.0,0.0,0.7794414,2
ID7050,0.0,0.0,0.8848255,2
ID7238,0.0,0.0,0.86120045,2
ID9331,0.0,0.0,0.80403996,2
ID8594,0.0,0.0,0.8253319,2
ID5134,0.0,0.0,0.8230664,2
ID8187,0.0,0.0,0.8315387,2
ID5643,0.0,0.0,0.81802064,2
ID7417,0.0,0.0,0.80011356,2
ID2110,0.0,0.0,0.82602966,2
ID3420,0.0,0.0,0.7844613,2
ID2276,0.0,0.0,0.8497939,2
ID9185,0.0,0.0,0.7876632,2
ID1696,0.0,0.0,0.84145904,2
ID8319,0.0,0.0,0.89492416,2
ID6766,0.0,0.0,0.70562303,2
ID4365,0.0,0.0,0.7735206,2
ID9727,0.0,0.0,0.7307509,2
ID7138,0.0,0.0,0.8409961,2
ID4734,0.0,0.0,0.889407,2
ID1259,0.0,0.0,0.7602661,2
ID2126,0.0,0.0,0.86624044,2
ID7978,0.0,0.0,0.8266628,2
ID6105,0.0,0.0,0.8432058,2
ID1150,0.0,0.0,0.8437865,2
ID9355,0.0,0.0,0.8945385,2
ID4920,0.0,0.0,0.8360255,2
ID9971,0.0,0.0,0.8504611,2
ID7897,0.0,0.0,0.90750307,2
ID8025,0.0,0.0,0.9138036,2
ID5340,0.0,0.0,0.83856595,2
ID8419,0.0,0.0,0.7619929,2
ID6628,0.0,0.3138671,1.950556,3
ID6210,0.0,0.0,0.78751063,2
ID8996,0.0,0.0,0.85830736,2
ID2562,0.0,0.0,0.8090567,2
ID2059,0.0,0.0,0.83054143,2
ID7681,0.0,0.0,0.8209152,2
ID9163,0.0,0.0,0.88108015,2
ID9131,0.0,0.0,0.78673494,2
ID6225,0.0,0.0,0.7963029,2
ID5858,0.0,0.0,0.7884767,2
ID1083,0.0,0.0,0.8082422,2
ID2525,0.0,0.0,0.80337584,2
ID5499,0.0,0.0,0.76190484,2
ID5606,0.0,0.0,0.8028435,2
ID3910,0.0,0.0,0.7711705,2
ID9710,0.0,0.0,0.88026327,2
ID6167,0.0,0.0,0.7656677,2
ID4109,0.0,0.0,0.87048525,2
ID3331,0.0,0.0,0.7545351,2
ID8071,0.0,0.0,0.50625396,2
ID5229,0.0,0.0,0.5305967,2
ID2378,0.0,0.0,0.49834538,2
ID1329,0.0,0.0,0.5394749,2
ID4958,0.0,0.0,0.45128384,2
ID1860,0.0,0.0,0.50959826,2
ID4394,0.0,0.0,0.5272622,2
ID9347,0.0,0.0,0.57009315,2
ID4281,0.0,0.0,0.54355085,2
ID5099,0.0,0.0,0.5077257,2
ID2180,0.0,0.0,0.5012735,2
ID5825,0.0,0.0,0.45589563,2
ID5889,0.0,0.0,0.5210706,2
ID3214,0.0,0.0,0.5618298,2
ID5436,0.0,0.0,0.5357944,2
ID8133,0.0,0.0,0.5151174,2
ID4976,0.0,0.0,0.5119834,2
ID1072,0.0,0.0,0.530483,2
ID4214,0.0,0.0,0.5339211,2
ID8292,0.0,0.0,0.524186,2
ID6573,0.0,0.0,0.5124686,2
ID9449,0.0,0.0,0.50477624,2
ID8354,0.0,0.0,0.5111752,2
ID6408,0.0,0.0,0.555421,2
ID7472,0.0,0.0,0.5553932,2
ID1893,0.0,0.0,0.43329027,2
ID4779,0.0,0.0,0.52560735,2
ID9777,0.0,0.0,0.4795463,2
ID6542,0.0,0.0,0.54411376,2
ID8443,0.0,0.0,0.53370667,2
ID9903,0.0,0.0,0.57563525,2
ID8060,0.0,0.0,0.51047146,2
ID2054,0.0,0.0,0.50953674,2
ID4026,0.0,0.0,0.5147454,2
ID8142,0.0,0.0,0.4957136,2
ID6823,0.0,0.0,0.44135562,2
ID4883,0.0,0.0,0.5053807,2
ID1494,0.0,0.0,0.5048126,2
ID2283,0.0,0.0,0.43958232,2
ID8159,0.0,0.0,0.5400711,2
ID5158,0.0,0.0,0.46920863,2
ID3310,0.0,0.0,0.5249951,2
ID6379,0.0,0.0,0.5397822,2
ID4367,0.0,0.0,0.5312989,2
ID6708,0.0,0.21705264,1.7220354,0
ID3127,0.0,0.26604474,1.8171377,3
ID6038,0.0,0.0,0.47365957,2
ID7277,0.0,0.0,0.5427075,2
ID4005,0.0,0.0,0.49539152,2
ID7383,0.0,0.0,0.48536846,2
ID1902,0.0,0.0,0.5131505,2
ID2944,0.0,0.0,0.51389855,2
ID8405,0.0,0.0,0.48207578,2
ID5868,0.0,0.0,0.5456215,2
ID8213,0.0,0.0,0.49528828,2
ID6526,0.0,0.0,0.5722412,2
ID7994,0.0,0.0,0.5419457,2
ID4323,0.0,0.0,0.4968358,2
ID8399,0.0,0.0,0.47464946,2
ID1763,0.0,0.0,0.51001656,2
ID4434,0.0,0.0,0.4686696,2
ID6214,0.0,0.24211955,1.7933469,3
ID5518,0.0,0.0,0.50893116,2
ID6660,0.0,0.0,0.53513354,2
ID5563,0.0,0.0,1.0894635,0
ID5971,0.0,0.0,0.5374944,2
ID9609,0.0,0.0,0.50082004,2
ID8654,0.0,0.0,0.5254866,2
ID6611,0.0,0.0,0.4861349,2
ID7422,0.0,0.0,1.0450653,2
ID5306,0.0,0.0,0.5305259,2
ID2198,0.0,0.0,0.5365072,2
ID7212,0.0,0.0,0.534726,2
ID3797,0.0,0.0,0.46096385,2
ID6289,0.0,0.0,0.49499843,2
ID7851,0.0,0.0,0.0,1
ID8433,0.0,0.0,0.0,1
ID7772,0.0,0.0,0.0,1
ID4520,0.0,0.0,0.8687233,2
ID9071,0.0,0.0,0.0,1
ID9508,0.0,0.0,0.0,1
ID4786,0.0,0.0,0.0,1
ID1844,0.0,0.0,0.0,1
ID5655,0.0,0.0,0.0,1
ID5772,0.0,0.0,0.0,1
ID6574,0.0,0.096794575,1.5750523,0
ID8972,0.0,0.0,0.0,1
ID4138,0.0,0.0,0.0,1
ID5036,0.0,0.0,0.0,1
ID5538,0.0,0.0,0.0,1
ID7120,0.0,0.0,0.0,1
ID2648,0.0,0.0,0.0,1
ID3773,0.0,0.0,0.0,1
ID7763,0.0,0.0,0.0,1
ID4015,0.0,0.7231198,3.0300066,3
ID6700,0.0,0.0,0.0,1
ID4232,0.0,0.0,0.0,1
ID5400,0.0,0.0,0.0,1
ID7409,0.0,0.0,0.0,1
ID5341,0.0,0.0,0.0,1
ID8769,0.0,0.0,0.0,1
ID4389,0.0,0.0,0.0,1
ID3968,0.0,0.0,0.0,1
ID5106,0.0,0.0,0.0,1
ID1417,0.0,0.0,0.0,1
ID7107,0.0,0.0,0.0,1
ID1338,0.0,0.0,0.0,1
ID8711,0.0,0.0,0.0,1
ID5939,0.0,0.0,0.0,1
ID1501,0.0,0.0,0.0,1
ID8461,0.0,0.0,0.0,1
ID7760,0.0,0.0,0.0,1
ID7239,0.0,0.0,0.0,1
ID7011,0.0,0.0,0.0,1
ID5166,0.0,0.0,0.0,1
ID7309,0.0,0.0,0.0,1
ID7858,0.0,0.0,0.0,1
ID3189,0.0,0.0,0.0,1
ID8753,0.0,0.0,0.0,1
ID5330,0.0,0.0,0.0,1
ID8463,0.0,0.0,0.0,1
ID1485,0.0,0.16308838,1.7330079,0
ID4811,0.0,0.0,0.0,1
ID2291,0.0,0.0,0.0,1
ID9762,0.0,0.0,0.0,1
ID4857,0.0,0.0,0.0,1
ID2611,0.0,0.0,0.0,1
ID1954,0.0,0.0,0.0,1
ID9653,0.0,0.0,0.0,1
ID1137,0.0,0.0,0.0,1
ID2725,0.0,0.0,0.0,1
ID9348,0.0,0.0,0.0,1
ID6908,0.0,0.0,0.0,1
ID4785,0.0,0.0,0.0,1
ID7613,0.0,0.0,0.0,1
ID4557,0.0,0.0,0.0,1
ID4678,0.0,0.0,0.0,1
ID6278,0.0,0.0,0.0,1
ID3232,0.0,0.0,0.0,1
ID2170,0.0,0.10520095,1.6159551,0
ID4584,0.0,0.0,0.0,1
ID1531,0.0,0.0,0.0,1
ID5557,0.0,0.0,0.0,1
ID6394,0.0,0.0,0.0,1
ID9802,0.0,0.0,0.0,1
ID9377,0.0,0.0,0.0,1
ID4951,0.0,0.0,0.0,1
ID2044,0.0,0.0,0.0,1
ID1024,0.0,0.0,0.0,1
ID8278,0.0,0.0,0.0,1
ID4675,0.0,0.0,0.0,1
ID4176,0.0,0.0,0.0,1
ID9715,0.0,0.0,0.0,1
ID1575,0.0,0.0,0.0,1
ID5388,0.0,0.0,0.0,1
ID3222,0.0,0.0,0.0,1
ID4419,0.0,0.0,0.0,1
ID5677,0.0,0.0,0.0,1
ID3517,0.0,0.0,0.0,1
ID4527,0.0,0.0,0.0,1
ID2425,0.0,0.0,0.0,1
ID2932,0.0,0.0,0.0,1
ID5386,0.0,0.0,0.0,1
ID3153,0.0,0.0,0.0,1
ID7293,0.0,0.0,0.0,1
ID7204,0.0,0.0,0.0,1
ID4179,0.0,0.0,0.0,1
ID3227,0.0,0.0,0.0,1
ID8212,0.0,0.0,0.0,1
ID4875,0.0,0.0,0.0,1
ID9042,0.0,0.0,0.0,1
ID6554,0.0,0.0,0.0,1
ID5618,0.0,0.0,0.0,1
ID7788,0.0,0.0,0.0,1
ID4699,0.0,0.0,0.0,1
ID6697,0.0,0.0,0.0,1
ID3794,0.0,0.0,0.0,1
ID6954,0.0,0.0,0.0,1
ID7041,0.0,0.0,0.0,1
ID4931,0.0,0.0,0.0,1
ID3768,0.0,0.0,0.0,1
ID5679,0.0,0.0,0.0,1
ID5446,0.0,0.0,0.0,1
ID5799,0.0,0.0,0.0,1
ID6080,0.0,0.0,0.0,1
ID4170,0.0,0.0,0.0,1
ID3741,0.0,0.0,1.0778735,0
ID8963,0.0,0.0,0.0,1
ID9672,0.0,0.25359595,1.936888,3
ID6641,0.0,0.0,0.0,1
ID4895,0.0,0.0,0.0,1
ID4035,0.0,0.0,0.0,1
ID6901,0.0,0.0,0.0,1
ID4859,0.0,0.0,0.0,1
ID4794,0.0,0.0,0.0,1
ID9926,0.0,0.0,0.0,1
ID6361,0.0,0.0,0.0,1
ID6475,0.0,0.0,0.0,1
ID1750,0.0,0.0,1.126858,0
ID1379,0.0,0.0,0.0,1
ID6600,0.0,0.0,0.0,1
ID7469,0.0,0.0,0.0,1
ID4099,0.0,0.0,0.0,1
ID6476,0.0,0.0,0.0,1
ID5468,0.0,0.0,0.0,1
ID4692,0.0,0.0,0.0,1
ID4473,0.0,0.0,0.0,1
ID1298,0.0,0.0,0.0,1
ID5654,0.0,0.0,0.0,1
ID6925,0.0,0.0,0.0,1
ID9760,0.0,0.0,0.0,1
ID2493,0.0,0.0,0.0,1
ID3343,0.0,0.0,0.0,1
ID8278,0.0,0.0,0.0,1
ID2117,0.0,0.0,0.0,1
ID7140,0.0,0.0,0.0,1
ID7305,0.0,0.0,0.0,1
ID4010,0.0,0.0,0.0,1
ID3140,0.0,0.0,0.0,1
ID7346,0.0,0.0,0.0,1
ID8977,0.0,0.0,0.0,1
ID7937,0.0,0.0,0.0,1
ID2984,0.0,0.0,0.0,1
ID8564,0.0,0.038521677,1.4210517,0
ID4622,0.0,0.0,0.0,1
ID6501,0.0,0.0,0.0,1
ID9424,0.0,0.0,0.0,1
ID1718,0.0,0.0,0.0,1
ID1429,0.0,0.0,0.82735944,2
ID1543,0.0,0.072609365,1.5074339,0
ID4775,0.0,0.0,0.0,1
ID2270,0.0,0.0,0.0,1
ID5002,0.0,0.0,0.0,1
ID7957,0.0,0.0,0.0,1
ID3899,0.0,0.0,0.0,1
ID8631,0.0,0.0,0.91732943,2
ID9151,0.0,0.0,0.0,1
ID3662,0.0,0.0,0.0,1
ID7064,0.0,0.0,0.0,1
ID1819,0.0,0.0,0.0,1
ID6874,0.0,0.0,0.0,1
ID5532,0.0,0.0,0.0,1
ID3409,0.0,0.0,0.0,1
ID1214,0.0,0.0,0.0,1
ID3549,0.0,0.08643815,1.5320764,0
ID4352,0.0,0.0,0.0,1
ID4469,0.0,0.0,0.0,1
ID9841,0.0,0.0,0.8351243,2
ID2600,0.0,0.0,0.0,1
ID8112,0.0,0.0,0.0,1
ID8924,0.0,0.0,0.0,1
ID6387,0.0,0.0,0.0,1
ID5720,0.0,0.0,0.0,1
ID4545,0.0,0.0,0.0,1
ID8569,0.0,0.0,0.0,1
ID1745,0.0,0.0,0.0,1
ID5440,0.0,0.0,0.0,1
ID7313,0.0,0.0,0.0,1
ID8975,0.0,0.0,0.0,1
ID6103,0.0,0.0,0.0,1
ID8877,0.0,0.0,0.0,1
ID6037,0.0,0.0,0.0,1
ID1134,0.0,0.0,0.0,1
ID5840,0.0,0.0,0.0,1
ID1012,0.0,0.0,0.0,1
ID7290,0.0,0.0,0.0,1
ID3169,0.0,0.0,0.0,1
ID5381,0.0,0.0,0.0,1
ID1603,0.0,0.0,0.0,1
ID2467,0.0,0.0,0.0,1
ID9465,0.0,0.11708048,1.5625194,0
ID5942,0.0,0.0,0.0,1
ID1948,0.0,0.0,0.0,1
ID4003,0.0,0.0,0.89901364,2
ID2077,0.0,0.07823649,1.4971775,0
ID9065,0.0,0.0,0.0,1
ID8333,0.0,0.0,0.0,1
ID6284,0.0,0.0,0.0,1
ID9980,0.0,0.0045627356,1.3469759,0
ID2382,0.0,0.0,0.0,1
ID2582,0.0,0.0,0.0,1
ID5432,0.0,0.0,0.0,1
ID1551,0.0,0.0,0.0,1
ID3767,0.0,0.0,0.0,1
ID3815,0.0,0.0,0.0,1
ID9642,0.0,0.0,0.0,1
ID5501,0.0,0.0,0.0,1
ID6675,0.0,0.0,0.0,1
ID3287,0.0,0.0,0.0,1
ID1953,0.0,0.0,0.0,1
ID5211,0.0,0.0,0.0,1
ID5562,0.0,0.0,0.0,1
ID4231,0.0,0.0,0.0,1
ID4669,0.0,0.0,0.0,1
ID5781,0.0,0.0,0.0,1
ID6904,0.0,0.0,0.0,1
ID7376,0.0,0.0,0.0,1
ID9948,0.0,0.0,0.0,1
ID6449,0.0,0.0,0.0,1
ID2005,0.0,0.0,0.0,1
ID4902,0.0,0.0,0.0,1
ID1743,0.0,0.0,0.0,1
ID3948,0.0,0.0,0.0,1
ID7573,0.0,0.0,0.0,1
ID1916,0.0,0.0,0.0,1
ID8444,0.0,0.0,0.0,1
ID9619,0.0,0.0,0.0,1
ID1360,0.0,0.0,0.0,1
ID3335,0.0,0.0,0.0,1
ID2456,0.0,0.0,0.0,1
ID3874,0.0,0.0,0.0,1
ID5985,0.0,0.0,0.0,1
ID5264,0.0,0.0,0.0,1
ID5393,0.0,0.0,0.0,1
ID9262,0.0,0.0,0.0,1
ID4301,0.0,0.0,0.0,1
ID4506,0.0,0.0,0.0,1
ID8552,0.0,0.0,0.0,1
ID5726,0.0,0.0,0.0,1
ID1726,0.0,0.0,0.0,1
ID6490,0.0,0.0,0.0,1
ID4368,0.0,0.0,0.0,1
ID9469,0.0,0.0,0.0,1
ID1365,0.0,0.0,0.9684803,2
ID4158,0.0,0.08200416,1.4824927,0
ID6886,0.0,0.0,1.301405,0
ID3871,0.0,0.0077896714,1.342143,0
ID1808,0.0,0.07163891,1.4764111,0
ID3376,0.0,0.037902117,1.4018424,0
ID3551,0.0,0.0083473325,1.352675,0
ID5770,0.0,0.03903255,1.3688694,0
ID4587,0.0,0.038178712,1.3959212,0
ID1443,0.0,0.08034226,1.5052563,0
ID8689,0.0,0.05507335,1.4110255,0
ID6976,0.0,0.07686064,1.4978786,0
ID9335,0.0,0.04138699,1.3973341,0
ID8750,0.0,0.0,1.292951,0
ID6089,0.0,0.042567402,1.3928051,0
ID5178,0.0,0.007909834,1.3214035,0
ID2112,0.0,0.050574213,1.4137247,0
ID8167,0.0,0.0,1.236433,0
ID3236,0.0,0.028493077,1.3627856,0
ID7167,0.0,0.0,1.2822359,0
ID7392,0.0,0.040514648,1.3553696,0
ID6385,0.0,0.017350256,1.3615775,0
ID7769,0.0,0.04536462,1.4093871,0
ID6558,0.0,0.0010234714,1.3173661,0
ID2861,0.0,0.0,1.2728515,0
ID3024,0.0,0.038798064,1.3908916,0
ID9229,0.0,0.04359898,1.4141526,0
ID2729,0.0,0.1134305,1.5760629,0
ID9585,0.0,0.021837741,1.3569798,0
ID7380,0.0,0.03709525,1.3859832,0
ID7388,0.0,0.0,1.2746308,0
ID2170,0.0,0.098890126,1.5948169,0
ID9973,0.0,0.0,1.2683113,0
ID5062,0.0,0.03383276,1.4239562,0
ID7881,0.0,0.004137516,1.3245096,0
ID8909,0.0,0.058074266,1.4247056,0
ID6805,0.0,0.04599458,1.4065562,0
ID7381,0.0,0.06650293,1.4572344,0
ID4487,0.0,0.074186355,1.4659901,0
ID3652,0.0,0.0,1.2067734,0
ID1811,0.0,0.015310407,1.3426784,0
ID9876,0.0,0.5933898,2.677949,3
ID9061,0.0,0.10750094,1.542668,0
ID1485,0.0,0.17971534,1.7940829,3
ID7945,0.0,0.052297086,1.3945069,0
ID6307,0.0,0.0,1.2530465,0
ID7029,0.0,0.33084875,2.0205064,3
ID4041,0.0,0.0,1.2254667,0
ID8145,0.0,0.030606717,1.3493266,0
ID4065,0.0,0.0,1.2565082,0
ID3607,0.0,0.04581535,1.4225323,0
ID9431,0.0,0.0,1.30654,0
ID6296,0.0,0.0,1.2349796,0
ID9303,0.0,0.06679264,1.4661092,0
ID8279,0.0,0.07797629,1.4975171,0
ID9035,0.0,0.048977226,1.4089592,0
ID6564,0.0,0.06828043,1.453968,0
ID6602,0.0,0.042250514,1.4155395,0
ID6983,0.0,0.0,1.2528384,0
ID1772,0.0,0.055688053,1.4389141,0
ID7820,0.0,0.06352574,1.431926,0
ID7377,0.0,0.0,1.2625976,0
ID9783,0.0,0.021790594,1.3320425,0
ID4230,0.0,0.02228564,1.3472114,0
ID1093,0.0,0.013878703,1.3493192,0
ID4606,0.0,0.06746739,1.4619887,0
ID6031,0.0,0.033745646,1.3828385,0
ID8648,0.0,0.025277019,1.377053,0
ID2670,0.0,0.01475203,1.3091018,0
ID9465,0.0,0.13492224,1.6283946,0
ID6214,0.0,0.2510336,1.8254983,3
ID8786,0.0,0.097195834,1.537807,0
ID3549,0.0,0.10579717,1.6032455,0
ID1279,0.0,0.0026101172,1.3204274,0
ID2929,0.0,0.013938159,1.35322,0
ID6046,0.0,0.035529047,1.3719568,0
ID8900,0.0,0.092475384,1.5212549,0
ID7690,0.0,0.03424579,1.3556442,0
ID2390,0.0,0.07333213,1.4709241,0
ID9160,0.0,0.59030926,2.6336346,3
ID5121,0.0,0.037283152,1.3996785,0
ID6510,0.0,0.0,1.2862362,0
ID9672,0.0,0.2567451,1.9476383,3
ID7374,0.0,0.016782343,1.3568621,0
ID5426,0.0,0.0,1.2694178,0
ID3866,0.0,0.0,1.316524,0
ID7369,0.0,0.0124697685,1.334265,0
ID4159,0.0,0.0,1.2974961,0
ID8330,0.0,0.0,1.3270829,0
ID8021,0.0,0.011749178,1.3472843,0
ID8246,0.0,0.018883765,1.3441622,0
ID2798,0.0,0.009919047,1.3185289,0
ID5248,0.0,0.057625502,1.4298241,0
ID4810,0.0,0.032432646,1.4119813,0
ID7071,0.0,0.018159896,1.3389075,0
ID6487,0.0,0.020282894,1.3525066,0
ID7574,0.0,0.0,1.2468547,0
ID3946,0.0,0.44005507,2.2240672,3
ID3142,0.0,0.0,1.319505,0
ID1543,0.0,0.09401432,1.5867078,0
ID2321,0.0,0.05352819,1.4029332,0
ID4601,0.0,0.0597727,1.4259596,0
ID4284,0.0,0.019391596,1.3724977,0
ID4172,0.0,0.069710225,1.4762155,0
ID8417,0.0,0.036944687,1.3718714,0
ID9685,0.0,0.0031388998,1.3184195,0
ID5390,0.0,0.027154237,1.3882415,0
ID9541,0.0,0.28882027,1.9565854,3
ID3181,0.0,0.058552742,1.4443144,0
ID6967,0.0,0.0,1.1612005,0
ID9568,0.0,0.05531627,1.4393303,0
ID3689,0.0,0.051392972,1.4433107,0
ID4865,0.0,0.01891613,1.3483071,0
ID5287,0.0,0.0,1.2568345,0
ID1479,0.0,0.047774017,1.39939,0
ID6304,0.0,0.0445458,1.4225218,0
ID2367,0.0,0.07460821,1.4684149,0
ID8784,0.0,0.008066922,1.3344193,0
ID1795,0.0,0.16996679,1.7139096,0
ID7192,0.0,0.029847205,1.3570213,0
ID3386,0.0,0.04453394,1.3899407,0
ID2074,0.0,0.3629321,2.1254802,3
ID4360,0.0,0.03059572,1.3711152,0
ID3458,0.0,0.07156384,1.4761935,0
ID9807,0.0,0.07527286,1.4882209,0
ID1484,0.0,0.07187596,1.4572105,0
ID6927,0.0,0.0031979382,1.3109092,0
ID1764,0.0,0.028044552,1.3782444,0
ID3881,0.0,0.034558654,1.3774636,0
ID5899,0.0,0.08411676,1.4905965,0
ID3935,0.0,0.083283186,1.5051546,0
ID3739,0.0,0.014659524,1.3322831,0
ID7948,0.0,0.31688863,2.0119581,3
ID3999,0.0,0.020946443,1.3486795,0
ID7496,0.0,0.0,1.2958546,0
ID6459,0.0,0.0,1.268796,0
ID1886,0.0,0.13123041,1.5953574,0
ID6357,0.0,0.031612784,1.3750713,0
ID5662,0.0,0.06737068,1.4761064,0
ID2521,0.0,0.056129515,1.4342141,0
ID6909,0.0,0.041181147,1.383354,0
ID7109,0.0,0.019077063,1.3485751,0
ID1193,0.0,0.08542788,1.491941,0
ID2156,0.0,0.059386104,1.4537878,0
ID8908,0.0,0.038570732,1.3874445,0
ID3844,0.0,0.06613287,1.4574318,0
ID5839,0.0,0.06310353,1.4648495,0
ID8854,0.0,0.05367443,1.4112285,0
ID7199,0.0,0.0,1.2974505,0
ID5641,0.0,0.08340314,1.4681027,0
ID6078,0.0,0.036994964,1.3983885,0
ID3247,0.0,0.0,1.2940902,0
ID5728,0.0,0.06327009,1.462071,0
ID7793,0.0,0.025211513,1.3673111,0
ID3590,0.0,0.060642153,1.4814234,0
ID1480,0.0,0.05422339,1.4242551,0
ID9617,0.0,0.06282097,1.4502538,0
ID7452,0.0,0.0049851835,1.3329487,0
ID8837,0.0,0.06462559,1.4348638,0
ID7612,0.0,0.034999162,1.3748715,0
ID6613,0.0,0.074873656,1.4585047,0
ID8422,0.0,0.015581995,1.3338294,0
ID7358,0.0,0.36462218,2.097037,3
ID3075,0.0,0.011388749,1.3569278,0
ID9412,0.0,0.030774623,1.3605275,0
ID5407,0.0,0.0120943785,1.317806,0
ID2463,0.0,0.024846852,1.3515496,0
ID8891,0.0,0.06176403,1.4485276,0
ID9190,0.0,0.038364083,1.3815031,0
ID3289,0.0,0.024821252,1.3625946,0
ID2628,0.0,0.0920302,1.519093,0
ID3213,0.0,0.050759465,1.4105079,0
ID8017,0.0,0.07816267,1.4816482,0
ID9917,0.0,0.0096461475,1.3169703,0
ID7796,0.0,0.039958864,1.3832299,0
ID9455,0.0,0.059092253,1.4460647,0
ID1768,0.0,0.073715985,1.4842873,0
ID5233,0.0,0.040663928,1.3965404,0
ID2342,0.0,0.029070497,1.3747208,0
ID6628,0.0,0.3215447,1.9820926,3
ID3985,0.0,0.36500382,2.113639,3
ID6295,0.0,0.04753363,1.402189,0
ID3529,0.0,0.035375714,1.3874654,0
ID4831,0.0,0.014750093,1.3568807,0
ID6929,0.0,0.090634346,1.4853747,0
ID7538,0.0,0.019952416,1.31657,0
ID9980,0.0,0.015877187,1.388982,0
ID2828,0.0,0.06157294,1.4624503,0
ID5520,0.0,0.016840696,1.3324586,0
ID9488,0.0,0.06692284,1.448756,0
ID4716,0.0,0.0,1.1953707,0
ID4011,0.0,0.0,1.2731836,0
ID6799,0.0,0.05098331,1.3981028,0
ID8662,0.0,0.03421238,1.3826541,0
ID3534,0.0,0.08319178,1.4936178,0
ID1654,0.0,0.03483355,1.379007,0
ID6620,0.0,0.0,1.2753332,0
ID9871,0.0,0.03785336,1.4157015,0
ID5023,0.0,0.07212067,1.4801368,0
ID8269,0.0,0.018041015,1.3522071,0
ID2432,0.0,0.0,1.3097425,0
ID2031,0.0,0.015504628,1.3525226,0
ID4023,0.0,0.06390223,1.4657263,0
ID9118,0.0,0.020038426,1.3443453,0
ID3127,0.0,0.28237504,1.8803825,3
ID2370,0.0,0.0233185,1.3563609,0
ID6226,0.0,0.01328215,1.3266152,0
ID9513,0.0,0.05561933,1.4404976,0
ID1625,0.0,0.075169235,1.4568763,0
ID2860,0.0,0.052938282,1.4121867,0
ID1530,0.0,0.057099223,1.4428089,0
ID3330,0.0,0.021668464,1.3583815,0
ID8613,0.0,0.0,1.2920513,0
ID8045,0.0,0.10438722,1.5428638,0
ID3839,0.0,0.009700835,1.3280427,0
ID7137,0.0,0.5877204,2.638691,3
ID7222,0.0,0.09536284,1.5339414,0
ID2886,0.0,0.0,1.2798855,0
ID7018,0.0,0.07466832,1.4573847,0
ID2928,0.0,0.11829221,1.5746572,0
ID8162,0.0,0.034635037,1.4238344,0
ID9556,0.0,0.09302336,1.5026453,0
ID4087,0.0,0.051449507,1.3992283,0
ID8940,0.0,0.028271288,1.3544847,0
ID5627,0.0,0.10720891,1.5272787,0
ID9211,0.0,0.055642456,1.452064,0
ID4978,0.0,0.05404988,1.4475904,0
ID7473,0.0,0.05409324,1.4052658,0
ID8564,0.0,0.05176866,1.4707556,0
ID4542,0.0,0.06389773,1.4499786,0
ID5646,0.0,0.036703914,1.3852704,0
ID4924,0.0,0.00385046,1.3159184,0
ID3570,0.0,0.080035955,1.4817629,0
ID3922,0.0,0.016202241,1.3361242,0
ID1043,0.0,0.03678581,1.3994433,0
ID2400,0.0,0.0,1.2988465,0
ID1136,0.0,0.028816909,1.3797488,0
ID4015,0.0,0.71085495,2.985078,3
ID6397,0.0,0.025043517,1.3561385,0
ID1611,0.0,0.041082144,1.4253907,0
ID1908,0.0,0.011771888,1.3392203,0
ID6849,0.0,0.112452686,1.5446093,0
ID9403,0.0,0.016192168,1.3438771,0
ID2327,0.0,0.017216802,1.342857,0
ID5463,0.0,0.062348574,1.4387693,0
ID5758,0.0,0.024095088,1.3932836,0
ID3205,0.0,0.030188978,1.3780954,0
ID5498,0.0,0.020970225,1.324162,0
ID8892,0.0,0.083509296,1.4773004,0
ID9712,0.0,0.03747809,1.4249434,0
ID4878,0.0,0.06671333,1.4552739,0
ID8989,0.0,0.0,1.2789627,0
ID6869,0.0,0.12492064,1.5607507,0
ID6228,0.0,0.07401216,1.4500222,0
ID8739,0.0,0.007017225,1.3516107,0
ID6708,0.0,0.23739964,1.7989256,3
ID9784,0.0,0.0,1.2691135,0
ID6958,0.0,0.017210126,1.3609352,0
ID6574,0.0,0.10472438,1.5996673,0
ID5913,0.0,0.3287477,2.0258222,3
ID8884,0.0,0.05193335,1.4555045,0
ID7910,0.0,0.051364154,1.4170002,0
ID7799,0.0,0.28639215,1.9487863,3
ID7834,0.0,0.05196461,1.4278681,0
ID5163,0.0,0.1016528,1.5098499,0
ID1467,0.0,0.0036013722,1.3604543,0
ID1840,0.0,0.1126596,1.5517223,0
ID1566,0.0,0.0,1.3017211,0
ID2138,0.0,0.059763342,1.4549927,0
ID5124,0.0,0.09433052,1.520476,0
ID2241,0.0,0.032654494,1.369309,0
ID8229,0.0,0.31740183,2.027133,3
ID1721,0.0,0.00078493357,1.2905679,0
ID1029,0.0,0.0,1.2770597,0
ID4908,0.0,0.070810884,1.4655601,0
ID1303,0.0,0.07826555,1.4910555,0
ID5207,0.0,0.0,1.184063,0
ID4343,0.0,0.06622538,1.4485886,0
ID8741,0.0,0.070177525,1.468467,0
ID1314,0.0,0.048762262,1.4181094,0
ID4505,0.0,0.0,1.2548773,0
ID8530,0.0,0.017843783,1.3295583,0
ID2077,0.0,0.09155661,1.5465908,0
ID2253,0.0,0.029241502,1.3330269,0
ID2051,0.0,0.05911106,1.4301243,0
ID7703,0.0,0.06511706,1.4574343,0
ID5357,0.0,0.0,1.2554979,0
ID5566,0.0,0.0,1.237847,0
ID1993,0.0,0.0,1.2716339,0
ID5458,0.0,0.06962529,1.4307938,0
ID9960,0.0,0.0,1.3175216,0
ID1202,0.0,0.10130337,1.5445209,0
ID3156,0.0,0.07896733,1.5082648,0
ID5979,0.0,0.03566137,1.4009602,0
ID1425,0.0,0.006645739,1.3175161,0
ID7758,0.0,0.051034987,1.4081571,0
ID9572,0.0,0.015023559,1.367816,0
ID8297,0.0,0.0,0.73415303,2
ID1356,0.0,0.0,0.72060597,2
ID7308,0.0,0.0,0.6753741,2
ID1832,0.0,0.0,0.669038,2
ID1983,0.0,0.0,0.7354815,2
ID6162,0.0,0.0,0.67589223,2
ID4532,0.0,0.0,0.6233568,2
ID6745,0.0,0.0,0.71344197,2
ID6878,0.0,0.0,0.6497571,2
ID8588,0.0,0.0,0.7160713,2
ID4432,0.0,0.0,0.65824413,2
ID1927,0.0,0.0,0.6012119,2
ID5967,0.0,0.0,0.66815597,2
ID8366,0.0,0.0,0.5879227,2
ID2737,0.0,0.0,0.7124994,2
ID8781,0.0,0.0,0.6755103,2
ID2566,0.0,0.0,0.6412921,2
ID6977,0.0,0.0,0.6500187,2
ID4255,0.0,0.0,0.7187428,2
ID1125,0.0,0.0,0.7063167,2
ID4520,0.0,0.0,0.8478676,2
ID1307,0.0,0.0,0.7165686,2
ID7464,0.0,0.062278062,1.3871214,0
ID7133,0.0,0.0,0.75453806,2
ID5322,0.0,0.0,0.63356656,2
ID3554,0.0,0.0,0.6722957,2
ID2592,0.0,0.0,0.78105843,2
ID8867,0.0,0.011851996,1.277695,0
ID5224,0.0,0.0,0.7076305,2
ID5346,0.0,0.0,0.62511355,2
ID7073,0.0,0.0,0.74148965,2
ID3049,0.0,0.0,0.68894213,2
ID9650,0.0,0.0,0.67347795,2
ID8514,0.0,0.0,0.69608116,2
ID5355,0.0,0.0,0.7047479,2
ID5934,0.0,0.0,0.71684074,2
ID7545,0.0,0.0,0.6703696,2
ID7630,0.0,0.0,0.72996897,2
ID7948,0.0,0.29872692,1.9436407,3
ID7384,0.0,0.0,0.6677096,2
ID3641,0.0,0.0,0.6579013,2
ID4755,0.0,0.0,0.715768,2
ID1414,0.0,0.0,0.72777677,2
ID7069,0.0,0.0,0.63090914,2
ID7720,0.0,0.0,0.65779865,2
ID3018,0.0,0.0,0.65595317,2
ID1382,0.0,0.0,0.6856192,2
ID3499,0.0,0.0,0.6599302,2
ID1723,0.0,0.0,0.6560272,2
ID8809,0.0,0.0,0.6559355,2
ID3269,0.0,0.0,0.61220706,2
ID8559,0.0,0.0,0.6030253,2
ID1446,0.0,0.0,0.63084185,2
ID9330,0.0,0.0,0.7053764,2
ID1323,0.0,0.0,0.58329636,2
ID8229,0.0,0.29382515,1.9402843,3
ID4800,0.0,0.0,0.71358496,2
ID5842,0.0,0.0,0.65454036,2
ID7552,0.0,0.0,0.6066067,2
ID8822,0.0,0.0,0.59381896,2
ID1429,0.0,0.0,0.8471317,2
ID2951,0.0,0.0,0.63552594,2
ID3125,0.0,0.0,0.6971582,2
ID8375,0.0,0.0,0.68606097,2
ID1911,0.0,0.0,0.6207662,2
ID8755,0.0,0.0,0.73088735,2
ID7799,0.0,0.2621876,1.8599114,3
ID6513,0.0,0.0,0.66168416,2
ID6859,0.0,0.0,0.5679885,2
ID3631,0.0,0.0,0.68052197,2
ID4548,0.0,0.0,0.74606645,2
ID8661,0.0,0.0,0.74171174,2
ID3762,0.0,0.0,0.6594511,2
ID1304,0.0,0.049670726,1.3619088,0
ID4205,0.0,0.0,0.72060657,2
ID2819,0.0,0.16405028,1.5233372,0
ID7161,0.0,0.0,0.6854511,2
ID2423,0.0,0.0,0.6621847,2
ID6201,0.0,0.0,0.6691979,2
ID5959,0.0,0.0,0.6554384,2
ID8138,0.0,0.0,0.7057008,2
ID5913,0.0,0.30645913,1.939611,3
ID4302,0.0,0.0,0.6532297,2
ID2391,0.0,0.0,0.71028507,2
ID7722,0.0,0.0,0.7470729,2
ID7001,0.0,0.0,0.64889425,2
ID1750,0.0,0.0,1.0345448,2
ID2074,0.0,0.34596342,2.0607636,3
ID9181,0.0,0.0,0.7659975,2
ID6149,0.0,0.0,0.7100158,2
ID2333,0.0,0.0,0.6477803,2
ID2533,0.0,0.0,0.7008711,2
ID4013,0.0,0.0,0.7476965,2
ID5563,0.0,0.0,1.1160959,0
ID5926,0.0,0.0,0.5823238,2
ID4384,0.0,0.0,0.6932313,2
ID9544,0.0,0.0,0.7482592,2
ID2085,0.0,0.0,0.6869247,2
ID8087,0.0,0.0,0.7494482,2
ID4960,0.0,0.0,0.7303599,2
ID7063,0.0,0.0,0.6905273,2
ID7686,0.0,0.0,0.7436925,2
ID6334,0.0,0.0,0.6667709,2
ID7594,0.0,0.0,0.72941935,2
ID9659,0.0,0.0,0.6321118,2
ID6875,0.0,0.0,0.7283033,2
ID3522,0.0,0.0,0.68871987,2
ID9607,0.0,0.0,0.7500582,2
ID6137,0.0,0.0,0.62196684,2
ID7358,0.0,0.3580047,2.0708177,3
ID9620,0.0,0.0,0.66145873,2
ID4057,0.0,0.0,0.70178795,2
ID8367,0.0,0.0,0.716345,2
ID1587,0.0,0.0,0.7183738,2
ID2453,0.0,0.0,0.794972,2
ID6161,0.0,0.0,0.6483075,2
ID4271,0.0,0.0,0.706692,2
ID2857,0.0,0.0,0.7394812,2
ID1217,0.0,0.0,0.6934165,2
ID9060,0.0,0.0,0.6791432,2
ID4613,0.0,0.0,0.7123569,2
ID7679,0.0,0.0,0.5898732,2
ID8797,0.0,0.0,0.64534366,2
ID2002,0.0,0.0,0.6723021,2
ID7527,0.0,0.0,0.6192785,2
ID9841,0.0,0.0,0.8559489,2
ID4107,0.0,0.0,0.74028254,2
ID1935,0.0,0.0,0.7819438,2
ID4030,0.0,0.0,0.66231483,2
ID4962,0.0,0.0,0.7291554,2
ID5642,0.0,0.0,0.71754634,2
ID2631,0.0,0.0,0.6712003,2
ID2504,0.0,0.0,0.68853545,2
ID4195,0.0,0.0,0.73175395,2
ID5176,0.0,0.0,0.6367272,2
ID8114,0.0,0.0,0.68315727,2
ID8208,0.0,0.0,0.6838513,2
ID3107,0.0,0.0,0.71735597,2
ID7950,0.0,0.0,0.7097652,2
ID1541,0.0,0.0,0.78832746,2
ID7567,0.0,0.0,0.69697154,2
ID4862,0.0,0.0,0.69121474,2
ID6953,0.0,0.0,0.7017442,2
ID4173,0.0,0.0,0.7266639,2
ID1036,0.0,0.0,0.7519709,2
ID8448,0.0,0.0,0.65042233,2
ID6737,0.0,0.0,0.682005,2
ID8304,0.0,0.0,0.66274065,2
ID6052,0.0,0.0,0.72104234,2
ID3741,0.0,0.0,1.015526,2
ID5189,0.0,0.0,0.66513646,2
ID9541,0.0,0.2773773,1.9139142,3
ID5712,0.0,0.0,0.6442744,2
ID6411,0.0,0.0,0.71122146,2
ID1769,0.0,0.0,0.6568619,2
ID4014,0.0,0.0,0.7097266,2
ID6020,0.0,0.0,0.7019032,2
ID7045,0.0,0.0,0.7700188,2
ID7863,0.0,0.0,0.682247,2
ID8293,0.0,0.0,0.6751199,2
ID3723,0.0,0.0,0.76314116,2
ID7492,0.0,0.0,0.79249614,2
ID4984,0.0,0.0,0.5914252,2
ID4028,0.0,0.0,0.64130867,2
ID3203,0.0,0.0,0.69413066,2
ID9641,0.0,0.0,0.72037673,2
ID7359,0.0,0.0,0.7696841,2
ID1476,0.0,0.0,0.63751256,2
ID1256,0.0,0.0,0.641848,2
ID8378,0.0,0.0,0.7218509,2
ID5867,0.0,0.0,0.6823579,2
ID1968,0.0,0.0,0.6821154,2
ID3859,0.0,0.0,0.6992592,2
ID3985,0.0,0.35414845,2.0717132,3
ID8092,0.0,0.0,0.6651583,2
ID7736,0.0,0.0,0.6396024,2
ID7422,0.0,0.0,1.0543361,2
ID3813,0.0,0.0,0.72622836,2
ID1255,0.0,0.0,0.72806644,2
ID7562,0.0,0.0,0.6791593,2
ID1143,0.0,0.0,0.7475953,2
ID7484,0.0,0.0,0.6648512,2
ID1866,0.0,0.0,0.7609542,2
ID7029,0.0,0.33162612,2.0241394,3
ID7033,0.0,0.0,0.7184636,2
ID5792,0.0,0.0,0.62454545,2
ID5884,0.0,0.0,0.74132943,2
ID9786,0.0,0.0,0.63735616,2
ID5003,0.0,0.0,0.7420467,2
ID3435,0.0,0.0,0.7347074,2
ID7750,0.0,0.0,0.6703742,2
ID2897,0.0,0.0,0.7265843,2
ID4119,0.0,0.0,0.6729227,2
ID2978,0.0,0.0,0.68567383,2
ID6549,0.0,0.0,0.7227557,2
ID1210,0.0,0.0,0.7384473,2
ID8207,0.0,0.0,0.7177322,2
