Outlet_ID,Vanilla Mini Cone_sales,Chocolate Petite Bar_sales,Strawberry Tiny Cup_sales,Mint Bite-size Pop_sales,Butter Pecan Small Stick_sales,Chocolate Fudge Big Scoop_sales,Moose Tracks Jumbo Cup_sales,Mint Chocolate Chip Family Pack_sales,Rocky Road Mega Tub_sales,Cookies and Cream Mega Tub_sales,week1_sales,total_units_sold,total_sales
ID7203,6361.0,7295.0,9127.0,5520.0,6443.0,,,,,,3389.0,34746.0,3492920.0
ID1878,7860.0,6622.0,6856.0,7954.0,6748.0,,,,,,2597.0,36040.0,3606340.0
ID1740,7625.0,8116.0,7837.0,7192.0,6817.0,,,,,,3742.0,37587.0,3755910.0
ID4366,6530.0,6259.0,9232.0,8759.0,9524.0,,,,,,3410.0,40304.0,4060130.0
ID8358,7057.0,9562.0,7652.0,6241.0,8866.0,,,,,,2891.0,39378.0,3918700.0
ID4722,7103.0,8264.0,8407.0,9065.0,8824.0,,,,,,3651.0,41663.0,4167730.0
ID5579,7371.0,4853.0,6583.0,6577.0,6772.0,,,,,,2456.0,32156.0,3232900.0
ID3876,6575.0,6079.0,10027.0,6223.0,6968.0,,,,,,2609.0,35872.0,3626680.0
ID7275,6041.0,8197.0,8080.0,6813.0,4641.0,,,,,,2595.0,33772.0,3376030.0
ID3726,8025.0,8295.0,6375.0,4733.0,6471.0,,,,,,2346.0,33899.0,3370700.0
ID9528,5089.0,7542.0,6275.0,5504.0,4759.0,,,,,,2337.0,29169.0,2904230.0
ID2152,5877.0,7009.0,6669.0,6887.0,8757.0,,,,,,2086.0,35199.0,3516500.0
ID3656,8230.0,7160.0,6972.0,8964.0,7964.0,,,,,,2966.0,39290.0,3927120.0
ID4395,7880.0,7433.0,5593.0,5931.0,6431.0,,,,,,2744.0,33268.0,3308400.0
ID7405,6746.0,6489.0,6301.0,6846.0,7448.0,,,,,,3361.0,33830.0,3381120.0
ID9945,9708.0,5540.0,7769.0,7272.0,8508.0,,,,,,2496.0,38797.0,3901990.0
ID6950,9453.0,9285.0,5190.0,8186.0,7705.0,,,,,,4225.0,39819.0,3940950.0
ID5199,5234.0,8480.0,5743.0,6411.0,6886.0,,,,,,2331.0,32754.0,3248030.0
ID5556,10480.0,6570.0,7279.0,7086.0,6225.0,,,,,,4255.0,37640.0,3771090.0
ID8920,8254.0,6428.0,7775.0,9036.0,6571.0,,,,,,3866.0,38064.0,3819870.0
ID6352,8204.0,5567.0,7615.0,5758.0,6809.0,,,,,,2771.0,33953.0,3415780.0
ID2508,6940.0,6754.0,5364.0,8203.0,5635.0,,,,,,2485.0,32896.0,3275700.0
ID5561,6650.0,5089.0,4942.0,7499.0,5759.0,,,,,,2336.0,29939.0,2992430.0
ID6952,5942.0,5165.0,5461.0,8316.0,6169.0,,,,,,2708.0,31053.0,3108260.0
ID5295,6572.0,7180.0,5738.0,6723.0,8647.0,,,,,,3821.0,34860.0,3471580.0
ID8631,6998.0,5562.0,5254.0,7659.0,9174.0,759.0,681.0,667.0,801.0,658.0,3452.0,38213.0,7413370.0
ID8493,5760.0,9960.0,5928.0,9084.0,7977.0,,,,,,2575.0,38709.0,3830580.0
ID6166,5838.0,7549.0,6643.0,6665.0,6169.0,,,,,,1832.0,32864.0,3277340.0
ID2979,3808.0,7222.0,7040.0,8575.0,6074.0,,,,,,3842.0,32719.0,3270080.0
ID9941,9419.0,6893.0,9452.0,6970.0,5443.0,,,,,,3455.0,38177.0,3843290.0
ID1110,6707.0,5032.0,7068.0,7667.0,6523.0,,,,,,3114.0,32997.0,3320060.0
ID7864,6377.0,6679.0,8108.0,5504.0,7842.0,,,,,,1991.0,34510.0,3465290.0
ID1734,6801.0,7262.0,5323.0,4996.0,8202.0,,,,,,2208.0,32584.0,3239010.0
ID8228,5463.0,7417.0,9685.0,7982.0,6756.0,,,,,,2978.0,37303.0,3752980.0
ID3807,6065.0,6937.0,6555.0,9929.0,4586.0,,,,,,3202.0,34072.0,3403380.0
ID5879,8153.0,7838.0,7314.0,7131.0,6212.0,,,,,,2039.0,36648.0,3659560.0
ID2673,7992.0,5872.0,6689.0,6617.0,7971.0,,,,,,4553.0,35141.0,3522270.0
ID6055,12513.0,16119.0,15486.0,12001.0,8829.0,,,,,,5319.0,64948.0,6488470.0
ID3715,5436.0,7714.0,5746.0,4049.0,6860.0,,,,,,3146.0,29805.0,2960820.0
ID9780,9924.0,5457.0,7966.0,7365.0,7247.0,,,,,,2213.0,37959.0,3820990.0
ID6863,6494.0,9090.0,7159.0,7392.0,7872.0,,,,,,3181.0,38007.0,3781390.0
ID5591,6101.0,6255.0,7754.0,6801.0,6368.0,,,,,,3577.0,33279.0,3342890.0
ID9919,7160.0,7628.0,8772.0,6238.0,7798.0,,,,,,2630.0,37596.0,3771040.0
ID4975,6819.0,6632.0,8091.0,7997.0,7321.0,,,,,,3628.0,36860.0,3700590.0
ID3946,15740.0,15252.0,16774.0,16945.0,18257.0,1696.0,1611.0,1885.0,1751.0,2520.0,8748.0,92431.0,18810070.0
ID7416,8426.0,6699.0,7399.0,7367.0,6310.0,,,,,,2240.0,36201.0,3627100.0
ID6026,6045.0,7938.0,7811.0,9229.0,5642.0,,,,,,2476.0,36665.0,3665230.0
ID7321,7366.0,5980.0,4546.0,7611.0,8955.0,,,,,,3580.0,34458.0,3431460.0
ID3582,8536.0,8718.0,7467.0,6998.0,7991.0,,,,,,4063.0,39710.0,3958490.0
ID4625,7199.0,10411.0,10011.0,5689.0,5436.0,,,,,,2058.0,38746.0,3870600.0
ID3447,10188.0,7370.0,5162.0,6931.0,7164.0,,,,,,3046.0,36815.0,3659420.0
ID4092,8416.0,6743.0,6739.0,6646.0,6220.0,,,,,,3082.0,34764.0,3476360.0
ID6025,6770.0,7527.0,8457.0,6704.0,5775.0,,,,,,3380.0,35233.0,3532600.0
ID9440,16076.0,13364.0,11964.0,15496.0,13729.0,,,,,,6046.0,70629.0,7048900.0
ID8194,5892.0,5537.0,6334.0,7937.0,5654.0,,,,,,3174.0,31354.0,3143370.0
ID2846,9394.0,7434.0,6595.0,8096.0,6224.0,,,,,,4518.0,37743.0,3765910.0
ID4192,6440.0,7420.0,6969.0,7938.0,7518.0,,,,,,2142.0,36285.0,3623990.0
ID8119,5515.0,8234.0,7923.0,7489.0,6208.0,,,,,,2290.0,35369.0,3533790.0
ID9823,6037.0,5915.0,6957.0,5241.0,6370.0,,,,,,1039.0,30520.0,3062420.0
ID8893,5437.0,7179.0,4333.0,5731.0,7570.0,,,,,,1890.0,30250.0,2996540.0
ID5021,6972.0,6947.0,7581.0,6378.0,6681.0,,,,,,3945.0,34559.0,3462240.0
ID8735,7660.0,7838.0,8338.0,8669.0,8717.0,,,,,,3233.0,41222.0,4127200.0
ID7332,7796.0,7752.0,6858.0,9213.0,6125.0,,,,,,3431.0,37744.0,3765460.0
ID6292,6412.0,7912.0,7496.0,6345.0,6512.0,,,,,,4568.0,34677.0,3463540.0
ID7462,8535.0,6715.0,10557.0,7270.0,6705.0,,,,,,2902.0,39782.0,4016620.0
ID5250,6221.0,7378.0,5012.0,7052.0,6975.0,,,,,,2357.0,32638.0,3240140.0
ID1997,6799.0,6239.0,7571.0,7829.0,7401.0,,,,,,3564.0,35839.0,3597220.0
ID3097,6624.0,7351.0,8909.0,7883.0,7271.0,,,,,,3218.0,38038.0,3819380.0
ID2499,6116.0,7130.0,8629.0,6596.0,8621.0,,,,,,3270.0,37092.0,3724190.0
ID1234,7873.0,5365.0,7397.0,7175.0,6536.0,,,,,,3010.0,34346.0,3454920.0
ID1008,6970.0,7206.0,6285.0,6486.0,6055.0,,,,,,3990.0,33002.0,3290990.0
ID9716,8367.0,7985.0,6340.0,7090.0,8289.0,,,,,,2043.0,38071.0,3790650.0
ID8619,7315.0,6890.0,6731.0,5471.0,6497.0,,,,,,3045.0,32904.0,3288810.0
ID1097,3992.0,6940.0,5264.0,6283.0,7236.0,,,,,,3023.0,29715.0,2954740.0
ID2819,14465.0,14744.0,14793.0,12070.0,11152.0,676.0,624.0,793.0,647.0,680.0,4032.0,70644.0,10527440.0
ID2419,5460.0,8076.0,5861.0,7752.0,7658.0,,,,,,2870.0,34807.0,3458550.0
ID6094,8022.0,5488.0,5073.0,6042.0,7793.0,,,,,,1866.0,32418.0,3237650.0
ID4003,8756.0,7193.0,4839.0,7571.0,6647.0,786.0,613.0,533.0,745.0,555.0,3297.0,38238.0,7063010.0
ID1946,7922.0,7776.0,7583.0,8453.0,6543.0,,,,,,3547.0,38277.0,3825770.0
ID1818,6351.0,5181.0,7064.0,7831.0,7267.0,,,,,,2383.0,33694.0,3388230.0
ID3425,6575.0,7110.0,7596.0,5872.0,6845.0,,,,,,3276.0,33998.0,3404660.0
ID3688,8147.0,7319.0,6307.0,6528.0,7487.0,,,,,,1919.0,35788.0,3568680.0
ID9010,5507.0,8353.0,4182.0,7391.0,7845.0,,,,,,1855.0,33278.0,3286090.0
ID8193,8773.0,6639.0,6455.0,5360.0,7750.0,,,,,,2468.0,34977.0,3495860.0
ID2906,6884.0,5780.0,6505.0,6485.0,6940.0,,,,,,2102.0,32594.0,3266650.0
ID3083,6094.0,5479.0,6661.0,6361.0,7781.0,,,,,,2687.0,32376.0,3249420.0
ID4299,6367.0,7811.0,7791.0,7543.0,8690.0,,,,,,4678.0,38202.0,3820000.0
ID6039,5640.0,7382.0,8329.0,6675.0,6506.0,,,,,,2005.0,34532.0,3462670.0
ID2142,7215.0,6125.0,7023.0,7536.0,7037.0,,,,,,2239.0,34936.0,3502580.0
ID1635,5837.0,6087.0,8472.0,8419.0,7043.0,,,,,,1988.0,35858.0,3609650.0
ID1732,6980.0,7265.0,8709.0,8307.0,5479.0,,,,,,3168.0,36740.0,3688440.0
ID7022,8355.0,5913.0,6756.0,5148.0,5347.0,,,,,,1835.0,31519.0,3160330.0
ID7466,8578.0,5992.0,7441.0,7882.0,8453.0,,,,,,2940.0,38346.0,3849090.0
ID6900,15660.0,11893.0,15776.0,14741.0,15892.0,,,,,,6351.0,73962.0,7435030.0
ID2957,6599.0,7904.0,9546.0,5871.0,5708.0,,,,,,3251.0,35628.0,3579220.0
ID7687,7657.0,7576.0,6705.0,5377.0,8024.0,,,,,,2282.0,35339.0,3525190.0
ID2481,7827.0,7221.0,7994.0,5547.0,4708.0,,,,,,1457.0,33297.0,3337430.0
ID9979,5596.0,7372.0,6283.0,5740.0,6901.0,,,,,,3065.0,31892.0,3178310.0
ID1365,9673.0,7225.0,7744.0,7681.0,6962.0,651.0,606.0,593.0,703.0,761.0,4963.0,42599.0,7603540.0
ID9549,5775.0,7784.0,8558.0,7001.0,7382.0,,,,,,4493.0,36500.0,3657740.0
ID7657,8303.0,6341.0,9407.0,6993.0,6682.0,,,,,,3723.0,37726.0,3803260.0
ID5859,15887.0,14747.0,17084.0,11929.0,18446.0,,,,,,6840.0,78093.0,7832670.0
ID5152,8706.0,5373.0,6030.0,4979.0,9274.0,,,,,,2334.0,34362.0,3442770.0
ID6135,6769.0,5882.0,6997.0,8662.0,7016.0,,,,,,3077.0,35326.0,3543750.0
ID7260,6779.0,7349.0,7135.0,5352.0,6624.0,,,,,,2135.0,33239.0,3321760.0
ID4108,4248.0,6583.0,5514.0,6455.0,8669.0,,,,,,2166.0,31469.0,3136210.0
ID2137,5024.0,7574.0,9760.0,8443.0,6478.0,,,,,,2590.0,37279.0,3749760.0
ID2263,7124.0,6448.0,7741.0,8773.0,4648.0,,,,,,3679.0,34734.0,3486330.0
ID9349,6785.0,5073.0,6601.0,6115.0,6971.0,,,,,,1735.0,31545.0,3169780.0
ID1520,8351.0,5751.0,6102.0,6023.0,9914.0,,,,,,2245.0,36141.0,3617610.0
ID3221,8801.0,7622.0,6692.0,8749.0,8806.0,,,,,,3072.0,40670.0,4057700.0
ID4752,7789.0,7642.0,5259.0,6506.0,5534.0,,,,,,2720.0,32730.0,3249170.0
ID8286,6554.0,4390.0,6492.0,7650.0,6581.0,,,,,,2967.0,31667.0,3187720.0
ID9062,7511.0,9102.0,7309.0,8699.0,7031.0,,,,,,1541.0,39652.0,3947270.0
ID2655,6971.0,5024.0,6106.0,7808.0,9341.0,,,,,,4218.0,35250.0,3535820.0
ID1859,6854.0,8380.0,7002.0,5154.0,6450.0,,,,,,1515.0,33840.0,3370220.0
ID3980,6530.0,6495.0,7932.0,6338.0,5222.0,,,,,,440.0,32517.0,3266070.0
ID5797,7738.0,6216.0,7164.0,7767.0,7566.0,,,,,,4254.0,36451.0,3654580.0
ID6126,6886.0,7041.0,7707.0,7147.0,6992.0,,,,,,3270.0,35773.0,3583960.0
ID2716,7408.0,6346.0,6748.0,5978.0,7339.0,,,,,,2286.0,33819.0,3385920.0
ID6156,6110.0,8353.0,6079.0,6129.0,6388.0,,,,,,2329.0,33059.0,3283160.0
ID7050,6908.0,4750.0,8798.0,8512.0,7806.0,,,,,,3440.0,36774.0,3717880.0
ID7238,6979.0,6743.0,7384.0,8249.0,7098.0,,,,,,2776.0,36453.0,3651710.0
ID9331,6671.0,5559.0,5105.0,7924.0,7785.0,,,,,,3503.0,33044.0,3299860.0
ID8594,9677.0,6272.0,6013.0,8103.0,6004.0,,,,,,2260.0,36069.0,3604310.0
ID5134,7100.0,5042.0,7466.0,7997.0,6594.0,,,,,,1348.0,34199.0,3444140.0
ID8187,7653.0,7089.0,7308.0,8863.0,5223.0,,,,,,3710.0,36136.0,3615790.0
ID5643,7374.0,8693.0,6409.0,7674.0,5182.0,,,,,,4018.0,35332.0,3510360.0
ID7417,7964.0,6867.0,6160.0,5684.0,6495.0,,,,,,3866.0,33170.0,3309930.0
ID2110,5590.0,7576.0,6838.0,7438.0,7175.0,,,,,,2082.0,34617.0,3454320.0
ID3420,5139.0,6828.0,7480.0,6197.0,6394.0,,,,,,3883.0,32038.0,3210320.0
ID2276,7416.0,8081.0,5831.0,6533.0,7871.0,,,,,,3317.0,35732.0,3550700.0
ID9185,6422.0,7812.0,6679.0,5627.0,6359.0,,,,,,3546.0,32899.0,3278570.0
ID1696,7661.0,8563.0,8131.0,6936.0,5469.0,,,,,,2528.0,36760.0,3671680.0
ID8319,7637.0,7916.0,9493.0,7067.0,6750.0,,,,,,2935.0,38863.0,3902070.0
ID6766,5717.0,5840.0,5781.0,6614.0,5182.0,,,,,,2177.0,29134.0,2912810.0
ID4365,4822.0,6307.0,6601.0,7803.0,6446.0,,,,,,2534.0,31979.0,3200840.0
ID9727,5155.0,7285.0,5263.0,6486.0,5620.0,,,,,,2893.0,29809.0,2960680.0
ID7138,8408.0,4999.0,7390.0,10612.0,5203.0,,,,,,3594.0,36612.0,3685110.0
ID4734,10368.0,6948.0,7823.0,8417.0,5235.0,,,,,,2458.0,38791.0,3887850.0
ID1259,5779.0,7531.0,6375.0,5104.0,6251.0,,,,,,1319.0,31040.0,3092440.0
ID2126,7392.0,10040.0,8013.0,4968.0,6959.0,,,,,,3278.0,37372.0,3716930.0
ID7978,6609.0,8892.0,7636.0,5377.0,6309.0,,,,,,2604.0,34823.0,3469740.0
ID6105,7784.0,8275.0,4704.0,7420.0,7545.0,,,,,,2340.0,35728.0,3537090.0
ID1150,6401.0,8666.0,7378.0,6311.0,6952.0,,,,,,1892.0,35708.0,3557920.0
ID9355,6772.0,9163.0,6781.0,7179.0,7901.0,,,,,,3982.0,37796.0,3755780.0
ID4920,5010.0,6317.0,7585.0,8908.0,6646.0,,,,,,3133.0,34466.0,3459280.0
ID9971,6390.0,6784.0,7786.0,9162.0,6361.0,,,,,,3178.0,36483.0,3658320.0
ID7897,6245.0,8358.0,8427.0,7645.0,7893.0,,,,,,3466.0,38568.0,3857490.0
ID8025,8696.0,9297.0,6554.0,6715.0,8198.0,,,,,,3505.0,39460.0,3918570.0
ID5340,9346.0,7989.0,6227.0,5468.0,6956.0,,,,,,4192.0,35986.0,3580980.0
ID8419,8420.0,5744.0,5984.0,6298.0,5670.0,,,,,,4451.0,32116.0,3214000.0
ID6628,15210.0,9887.0,17937.0,17128.0,13796.0,1997.0,1352.0,1849.0,1125.0,1366.0,4209.0,81647.0,16113850.0
ID6210,7076.0,5498.0,6519.0,7430.0,6182.0,,,,,,2686.0,32705.0,3280710.0
ID8996,8830.0,4960.0,5927.0,8957.0,7974.0,,,,,,3687.0,36648.0,3674470.0
ID2562,6703.0,5450.0,6639.0,6115.0,7928.0,,,,,,2934.0,32835.0,3295390.0
ID2059,5217.0,7566.0,7914.0,7860.0,5962.0,,,,,,2583.0,34519.0,3455380.0
ID7681,5540.0,8683.0,7089.0,8939.0,5015.0,,,,,,2250.0,35266.0,3510660.0
ID9163,9058.0,7841.0,5448.0,7484.0,7906.0,,,,,,3892.0,37737.0,3749770.0
ID9131,6512.0,6119.0,7935.0,7041.0,5725.0,,,,,,2475.0,33332.0,3351360.0
ID6225,7310.0,5031.0,5154.0,8270.0,7101.0,,,,,,2540.0,32866.0,3287830.0
ID5858,6670.0,6074.0,5723.0,6487.0,7829.0,,,,,,2044.0,32783.0,3274790.0
ID1083,4970.0,6720.0,8293.0,6611.0,7107.0,,,,,,2929.0,33701.0,3385830.0
ID2525,5537.0,4778.0,7545.0,6378.0,8070.0,,,,,,1782.0,32308.0,3258470.0
ID5499,6896.0,5598.0,6637.0,6851.0,5983.0,,,,,,3133.0,31965.0,3206890.0
ID5606,7372.0,7556.0,5673.0,7225.0,6330.0,,,,,,1318.0,34156.0,3396770.0
ID3910,7163.0,6432.0,6835.0,7537.0,4647.0,,,,,,601.0,32614.0,3265430.0
ID9710,7915.0,7343.0,7426.0,5738.0,8490.0,,,,,,2676.0,36912.0,3692030.0
ID6167,7379.0,3919.0,7800.0,7276.0,5611.0,,,,,,3290.0,31985.0,3237310.0
ID4109,5619.0,7685.0,8054.0,8040.0,7672.0,,,,,,2476.0,37070.0,3710690.0
ID3331,5096.0,5190.0,6983.0,6313.0,7157.0,,,,,,2319.0,30739.0,3091830.0
ID8071,4344.0,4089.0,3456.0,3810.0,4295.0,,,,,,2200.0,19994.0,1993070.0
ID5229,4123.0,4731.0,4079.0,3514.0,4261.0,,,,,,1829.0,20708.0,2064280.0
ID2378,4497.0,3866.0,4232.0,2392.0,3994.0,,,,,,1253.0,18981.0,1901760.0
ID1329,5002.0,3563.0,4838.0,3622.0,4171.0,,,,,,1328.0,21196.0,2132350.0
ID4958,2626.0,3544.0,4272.0,2620.0,3388.0,,,,,,1003.0,16450.0,1652280.0
ID1860,3337.0,3816.0,2527.0,4188.0,5778.0,,,,,,1208.0,19646.0,1951710.0
ID4394,4924.0,4993.0,3312.0,3765.0,4433.0,,,,,,2106.0,21427.0,2125890.0
ID9347,5219.0,3593.0,4224.0,3546.0,6212.0,,,,,,2188.0,22794.0,2285710.0
ID4281,4266.0,4246.0,4880.0,2623.0,5496.0,,,,,,2656.0,21511.0,2157440.0
ID5099,3921.0,3786.0,2887.0,4110.0,4821.0,,,,,,1709.0,19525.0,1943510.0
ID2180,4482.0,4310.0,3870.0,3789.0,3151.0,,,,,,2079.0,19602.0,1955800.0
ID5825,4229.0,3005.0,3789.0,3143.0,2952.0,,,,,,1498.0,17118.0,1719640.0
ID5889,3870.0,3558.0,4342.0,4269.0,4474.0,,,,,,1641.0,20513.0,2059140.0
ID3214,4405.0,4433.0,4545.0,5385.0,3829.0,,,,,,1112.0,22597.0,2260820.0
ID5436,4732.0,3716.0,4026.0,3729.0,4714.0,,,,,,1015.0,20917.0,2094800.0
ID8133,4576.0,5041.0,2928.0,3823.0,4208.0,,,,,,1933.0,20576.0,2036470.0
ID4976,5612.0,3727.0,4713.0,4733.0,2245.0,,,,,,1842.0,21030.0,2112860.0
ID1072,5578.0,4774.0,4471.0,3003.0,3289.0,,,,,,2362.0,21115.0,2108470.0
ID4214,3681.0,3901.0,3342.0,4104.0,5597.0,,,,,,2217.0,20625.0,2056910.0
ID8292,5226.0,4526.0,4042.0,3941.0,3451.0,,,,,,1339.0,21186.0,2113760.0
ID6573,3742.0,3459.0,4351.0,4660.0,3827.0,,,,,,1998.0,20039.0,2012820.0
ID9449,3161.0,3144.0,4091.0,4367.0,4224.0,,,,,,1289.0,18987.0,1908170.0
ID8354,4439.0,4788.0,3827.0,3917.0,3618.0,,,,,,1331.0,20589.0,2049290.0
ID6408,4073.0,3873.0,5313.0,4414.0,4639.0,,,,,,1520.0,22312.0,2245600.0
ID7472,5716.0,4241.0,4741.0,4095.0,4137.0,,,,,,2046.0,22930.0,2298000.0
ID1893,4097.0,4030.0,3146.0,3413.0,1780.0,,,,,,875.0,16466.0,1637760.0
ID4779,4044.0,4265.0,4922.0,3203.0,4392.0,,,,,,1863.0,20826.0,2089170.0
ID9777,3280.0,4174.0,3643.0,4527.0,3293.0,,,,,,2105.0,18917.0,1886390.0
ID6542,3387.0,4144.0,4931.0,4505.0,4494.0,,,,,,2275.0,21461.0,2153970.0
ID8443,2964.0,5938.0,4201.0,2733.0,5070.0,,,,,,2077.0,20906.0,2073230.0
ID9903,4149.0,5754.0,4341.0,3970.0,4901.0,,,,,,2681.0,23115.0,2297370.0
ID8060,3275.0,2938.0,4910.0,3693.0,4799.0,,,,,,1339.0,19615.0,1981220.0
ID2054,4144.0,3907.0,3799.0,5620.0,3010.0,,,,,,1165.0,20480.0,2046920.0
ID4026,4521.0,4272.0,3700.0,3489.0,4475.0,,,,,,1672.0,20457.0,2039980.0
ID8142,3177.0,3993.0,3242.0,5160.0,3755.0,,,,,,1259.0,19327.0,1925190.0
ID6823,4051.0,3280.0,4002.0,4302.0,1533.0,,,,,,1273.0,17168.0,1724020.0
ID4883,4247.0,3854.0,3635.0,4156.0,3981.0,,,,,,948.0,19873.0,1985110.0
ID1494,4792.0,3910.0,4859.0,3226.0,3474.0,,,,,,1331.0,20261.0,2035590.0
ID2283,3043.0,3408.0,2815.0,4269.0,3246.0,,,,,,2358.0,16781.0,1672170.0
ID8159,4604.0,3882.0,3746.0,4565.0,4977.0,,,,,,1908.0,21774.0,2176040.0
ID5158,4700.0,2256.0,3301.0,3434.0,4189.0,,,,,,1670.0,17880.0,1798450.0
ID3310,4699.0,3708.0,2718.0,5141.0,4643.0,,,,,,1756.0,20909.0,2081000.0
ID6379,2353.0,3759.0,5223.0,4080.0,5108.0,,,,,,1084.0,20523.0,2066940.0
ID4367,4091.0,4305.0,3932.0,3904.0,4713.0,,,,,,1653.0,20945.0,2090770.0
ID6708,11740.0,13716.0,11256.0,10316.0,14795.0,1325.0,2545.0,2022.0,1991.0,1984.0,5427.0,71690.0,17045900.0
ID3127,12746.0,14373.0,13180.0,13712.0,13421.0,1255.0,2299.0,1932.0,2029.0,2104.0,7205.0,77051.0,17331370.0
ID6038,4378.0,5835.0,2880.0,4199.0,2018.0,,,,,,1280.0,19310.0,1901450.0
ID7277,3877.0,3621.0,4376.0,5180.0,4480.0,,,,,,1570.0,21534.0,2160950.0
ID4005,3676.0,3526.0,3812.0,3180.0,4404.0,,,,,,1361.0,18598.0,1862660.0
ID7383,4325.0,4085.0,3431.0,4426.0,3036.0,,,,,,2084.0,19303.0,1923760.0
ID1902,3132.0,3094.0,4524.0,3815.0,4885.0,,,,,,2353.0,19450.0,1959300.0
ID2944,3489.0,4588.0,3153.0,3372.0,5187.0,,,,,,1612.0,19789.0,1964550.0
ID8405,4127.0,2995.0,3285.0,4419.0,3930.0,,,,,,2564.0,18756.0,1878500.0
ID5868,3708.0,3649.0,5078.0,4060.0,4573.0,,,,,,2051.0,21068.0,2121090.0
ID8213,3428.0,4195.0,3552.0,3435.0,4258.0,,,,,,1499.0,18868.0,1880370.0
ID6526,5759.0,4451.0,4290.0,4710.0,4304.0,,,,,,2076.0,23514.0,2349790.0
ID7994,5003.0,4594.0,3656.0,3960.0,4324.0,,,,,,1819.0,21537.0,2144320.0
ID4323,4317.0,3316.0,4133.0,3884.0,3724.0,,,,,,1319.0,19374.0,1945570.0
ID8399,4845.0,3962.0,3361.0,3258.0,3435.0,,,,,,828.0,18861.0,1880090.0
ID1763,3502.0,3975.0,4371.0,4422.0,3903.0,,,,,,2252.0,20173.0,2021260.0
ID4434,2462.0,4262.0,3969.0,3650.0,3567.0,,,,,,1912.0,17910.0,1788070.0
ID6214,10520.0,14340.0,11955.0,13171.0,16059.0,1604.0,1378.0,1819.0,2172.0,2170.0,6806.0,75188.0,16672100.0
ID5518,5220.0,3852.0,2669.0,5142.0,3350.0,,,,,,2445.0,20233.0,2011470.0
ID6660,5032.0,5123.0,4536.0,3184.0,3681.0,,,,,,1193.0,21556.0,2149730.0
ID5563,9133.0,10046.0,9839.0,5833.0,11940.0,423.0,618.0,530.0,707.0,661.0,3566.0,49730.0,7908030.0
ID5971,4496.0,4665.0,4231.0,4360.0,3906.0,,,,,,2069.0,21658.0,2161460.0
ID9609,3020.0,3841.0,3076.0,5540.0,3869.0,,,,,,2875.0,19346.0,1926950.0
ID8654,4435.0,3782.0,4858.0,3406.0,4501.0,,,,,,1622.0,20982.0,2108960.0
ID6611,4543.0,4261.0,3355.0,2975.0,3945.0,,,,,,958.0,19079.0,1898840.0
ID7422,9342.0,7978.0,8762.0,9673.0,8337.0,545.0,483.0,654.0,548.0,654.0,3275.0,46976.0,7621840.0
ID5306,4670.0,4985.0,3387.0,3905.0,4416.0,,,,,,1469.0,21363.0,2120320.0
ID2198,4202.0,3429.0,3838.0,4552.0,5023.0,,,,,,1083.0,21044.0,2108490.0
ID7212,5225.0,2776.0,5419.0,3218.0,4293.0,,,,,,2307.0,20931.0,2119530.0
ID3797,3054.0,3981.0,3720.0,3267.0,3458.0,,,,,,1745.0,17480.0,1745390.0
ID6289,4230.0,3466.0,3553.0,4250.0,3512.0,,,,,,1809.0,19011.0,1901970.0
ID7851,,,,,,932.0,1462.0,1451.0,1300.0,1055.0,685.0,6200.0,6855750.0
ID8433,,,,,,1242.0,1334.0,1090.0,1199.0,1653.0,706.0,6518.0,7228600.0
ID7772,,,,,,1229.0,1413.0,1226.0,1367.0,1164.0,493.0,6399.0,7086400.0
ID4520,5144.0,3555.0,4498.0,4186.0,4228.0,1555.0,2068.0,1837.0,2173.0,1934.0,1691.0,31178.0,12724280.0
ID9071,,,,,,1537.0,1115.0,1269.0,1034.0,1514.0,521.0,6469.0,7229650.0
ID9508,,,,,,1502.0,1362.0,1452.0,1080.0,1079.0,573.0,6475.0,7237300.0
ID4786,,,,,,1408.0,1291.0,1562.0,1529.0,1666.0,701.0,7456.0,8267600.0
ID1844,,,,,,1472.0,1569.0,1685.0,1394.0,1648.0,579.0,7768.0,8636850.0
ID5655,,,,,,1110.0,1466.0,1259.0,1024.0,1449.0,488.0,6308.0,7010350.0
ID5772,,,,,,1223.0,1380.0,997.0,1208.0,878.0,583.0,5686.0,6305950.0
ID6574,6783.0,11256.0,7020.0,7962.0,6614.0,3047.0,3191.0,2147.0,2582.0,3175.0,5176.0,53777.0,19631190.0
ID8972,,,,,,1647.0,1609.0,1653.0,1449.0,1325.0,734.0,7683.0,8553750.0
ID4138,,,,,,1175.0,1290.0,1275.0,1425.0,1590.0,698.0,6755.0,7469250.0
ID5036,,,,,,1449.0,985.0,1626.0,1037.0,1001.0,463.0,6098.0,6830300.0
ID5538,,,,,,1297.0,1456.0,1280.0,1150.0,1356.0,588.0,6539.0,7271600.0
ID7120,,,,,,1318.0,1534.0,1171.0,1075.0,1584.0,587.0,6682.0,7433050.0
ID2648,,,,,,1220.0,1374.0,1231.0,1151.0,1445.0,705.0,6421.0,7131550.0
ID3773,,,,,,1309.0,1451.0,1407.0,1457.0,1304.0,612.0,6928.0,7676350.0
ID7763,,,,,,1774.0,1407.0,1316.0,1238.0,1235.0,556.0,6970.0,7786400.0
ID4015,17528.0,18378.0,16916.0,15150.0,17538.0,4328.0,4843.0,4765.0,4561.0,5161.0,8593.0,109168.0,34775130.0
ID6700,,,,,,1367.0,1784.0,1428.0,1104.0,1613.0,581.0,7296.0,8123300.0
ID4232,,,,,,1241.0,1304.0,1125.0,1385.0,1570.0,707.0,6625.0,7329350.0
ID5400,,,,,,1445.0,1315.0,1589.0,1515.0,1187.0,763.0,7051.0,7828550.0
ID7409,,,,,,1210.0,1183.0,1617.0,1441.0,1641.0,655.0,7092.0,7858950.0
ID5341,,,,,,1046.0,1285.0,1120.0,1497.0,1268.0,264.0,6216.0,6848500.0
ID8769,,,,,,1484.0,1263.0,1366.0,1638.0,1500.0,701.0,7251.0,8029000.0
ID4389,,,,,,1309.0,1374.0,1357.0,1424.0,1409.0,603.0,6873.0,7616650.0
ID3968,,,,,,1077.0,1478.0,1285.0,1667.0,1133.0,748.0,6640.0,7309250.0
ID5106,,,,,,1347.0,1290.0,1627.0,1590.0,1231.0,637.0,7085.0,7850550.0
ID1417,,,,,,1338.0,1402.0,1445.0,1394.0,1485.0,444.0,7064.0,7837050.0
ID7107,,,,,,1173.0,1291.0,1481.0,1234.0,1310.0,415.0,6489.0,7205850.0
ID1338,,,,,,1326.0,1446.0,1569.0,1531.0,1605.0,690.0,7477.0,8282650.0
ID8711,,,,,,1478.0,1512.0,1230.0,1490.0,988.0,564.0,6698.0,7428100.0
ID5939,,,,,,1369.0,1377.0,1311.0,1405.0,1558.0,667.0,7020.0,7783950.0
ID1501,,,,,,1299.0,1229.0,1377.0,1448.0,1336.0,652.0,6689.0,7411850.0
ID8461,,,,,,1383.0,1397.0,1558.0,1400.0,1054.0,628.0,6792.0,7547400.0
ID7760,,,,,,1519.0,1400.0,1659.0,1433.0,1373.0,547.0,7384.0,8213950.0
ID7239,,,,,,1157.0,1307.0,1277.0,1126.0,1571.0,788.0,6438.0,7148750.0
ID7011,,,,,,1448.0,1116.0,1135.0,1635.0,1623.0,760.0,6957.0,7690750.0
ID5166,,,,,,1395.0,1028.0,1352.0,942.0,1193.0,431.0,5910.0,6613900.0
ID7309,,,,,,1459.0,1239.0,1502.0,1248.0,1564.0,343.0,7012.0,7809400.0
ID7858,,,,,,1191.0,1668.0,1635.0,1409.0,1200.0,710.0,7103.0,7873250.0
ID3189,,,,,,1564.0,1265.0,1291.0,1031.0,1264.0,701.0,6415.0,7174350.0
ID8753,,,,,,1217.0,1595.0,1164.0,930.0,1281.0,685.0,6187.0,6892600.0
ID5330,,,,,,1185.0,1081.0,1104.0,1118.0,1524.0,768.0,6012.0,6675100.0
ID8463,,,,,,1374.0,1534.0,1145.0,1402.0,1540.0,759.0,6995.0,7748950.0
ID1485,9717.0,10820.0,6965.0,8767.0,8509.0,3250.0,2955.0,2958.0,3375.0,2997.0,4570.0,60313.0,21663150.0
ID4811,,,,,,1136.0,1635.0,1177.0,1355.0,1168.0,542.0,6471.0,7155050.0
ID2291,,,,,,1519.0,1523.0,1446.0,1344.0,1391.0,461.0,7223.0,8035100.0
ID9762,,,,,,1109.0,1112.0,1087.0,1426.0,1049.0,296.0,5783.0,6383950.0
ID4857,,,,,,1464.0,1235.0,1450.0,1416.0,1421.0,634.0,6986.0,7761900.0
ID2611,,,,,,1519.0,1414.0,970.0,1107.0,1513.0,346.0,6523.0,7265000.0
ID1954,,,,,,1577.0,1134.0,1405.0,1063.0,1426.0,498.0,6605.0,7387150.0
ID9653,,,,,,1716.0,1313.0,1222.0,1448.0,1277.0,625.0,6976.0,7761500.0
ID1137,,,,,,1016.0,1405.0,1204.0,1359.0,1168.0,364.0,6152.0,6793100.0
ID2725,,,,,,1694.0,1560.0,1474.0,1263.0,1239.0,739.0,7230.0,8069800.0
ID9348,,,,,,1368.0,1425.0,1650.0,1272.0,1265.0,536.0,6980.0,7770100.0
ID6908,,,,,,1627.0,1453.0,1399.0,1444.0,1546.0,505.0,7469.0,8304150.0
ID4785,,,,,,1268.0,1166.0,1170.0,1123.0,1036.0,603.0,5763.0,6412300.0
ID7613,,,,,,1162.0,1131.0,853.0,1648.0,1254.0,510.0,6048.0,6646850.0
ID4557,,,,,,1053.0,1474.0,1337.0,1356.0,1376.0,413.0,6596.0,7292150.0
ID4678,,,,,,1446.0,1416.0,1434.0,1461.0,1533.0,575.0,7290.0,8089200.0
ID6278,,,,,,1228.0,1444.0,1615.0,1294.0,1425.0,547.0,7006.0,7780750.0
ID3232,,,,,,1088.0,1506.0,1282.0,1333.0,1479.0,350.0,6688.0,7396400.0
ID2170,8184.0,7937.0,8266.0,7218.0,6998.0,2880.0,3503.0,3448.0,2747.0,2572.0,3845.0,53753.0,20714290.0
ID4584,,,,,,1251.0,1101.0,1495.0,1244.0,1030.0,635.0,6121.0,6808550.0
ID1531,,,,,,1710.0,1015.0,1503.0,1600.0,1415.0,638.0,7243.0,8053450.0
ID5557,,,,,,1180.0,1713.0,1496.0,1524.0,1577.0,677.0,7490.0,8279400.0
ID6394,,,,,,1328.0,1266.0,1454.0,1377.0,1636.0,658.0,7061.0,7834900.0
ID9802,,,,,,1403.0,1111.0,1581.0,1362.0,1216.0,350.0,6673.0,7423450.0
ID9377,,,,,,1446.0,1466.0,1455.0,1045.0,1540.0,748.0,6952.0,7760050.0
ID4951,,,,,,1498.0,1128.0,1672.0,992.0,1527.0,491.0,6817.0,7632900.0
ID2044,,,,,,1278.0,1274.0,1533.0,1621.0,1553.0,522.0,7259.0,8027250.0
ID1024,,,,,,1703.0,1251.0,1150.0,1388.0,1451.0,526.0,6943.0,7726300.0
ID8278,,,,,,2058.0,1833.0,1819.0,1797.0,1959.0,1008.0,9466.0,10529650.0
ID4675,,,,,,1739.0,1080.0,1341.0,1267.0,1630.0,601.0,7057.0,7876950.0
ID4176,,,,,,1695.0,1543.0,1150.0,1641.0,1627.0,603.0,7656.0,8484500.0
ID9715,,,,,,1486.0,1499.0,1154.0,1480.0,1474.0,587.0,7093.0,7860600.0
ID1575,,,,,,1576.0,978.0,1409.0,1049.0,1303.0,536.0,6315.0,7069650.0
ID5388,,,,,,1312.0,1495.0,1310.0,1409.0,1516.0,691.0,7042.0,7802000.0
ID3222,,,,,,1469.0,1527.0,996.0,1451.0,1297.0,670.0,6740.0,7465600.0
ID4419,,,,,,1372.0,1273.0,1495.0,1401.0,1638.0,769.0,7179.0,7968750.0
ID5677,,,,,,1285.0,1050.0,1241.0,1372.0,1774.0,326.0,6722.0,7447550.0
ID3517,,,,,,1346.0,1475.0,1377.0,1381.0,1487.0,729.0,7066.0,7837950.0
ID4527,,,,,,1608.0,1424.0,1226.0,1652.0,1457.0,631.0,7367.0,8160600.0
ID2425,,,,,,1023.0,1538.0,1117.0,1148.0,1206.0,425.0,6032.0,6678550.0
ID2932,,,,,,1095.0,1339.0,1849.0,1252.0,1140.0,686.0,6675.0,7419250.0
ID5386,,,,,,1297.0,1641.0,1350.0,1206.0,1449.0,551.0,6943.0,7713900.0
ID3153,,,,,,1235.0,796.0,1630.0,1603.0,1218.0,590.0,6482.0,7174900.0
ID7293,,,,,,1473.0,1132.0,1068.0,879.0,1010.0,458.0,5562.0,6231000.0
ID7204,,,,,,1442.0,1132.0,1367.0,1049.0,1013.0,521.0,6003.0,6710950.0
ID4179,,,,,,1183.0,1658.0,1600.0,1652.0,1425.0,577.0,7518.0,8302900.0
ID3227,,,,,,1372.0,991.0,1684.0,1468.0,1283.0,633.0,6798.0,7552400.0
ID8212,,,,,,1228.0,1316.0,1211.0,1351.0,1129.0,693.0,6235.0,6906750.0
ID4875,,,,,,1421.0,1630.0,1376.0,1106.0,1145.0,742.0,6678.0,7446100.0
ID9042,,,,,,1002.0,1396.0,1297.0,1308.0,1482.0,586.0,6485.0,7167750.0
ID6554,,,,,,1013.0,1253.0,1359.0,1193.0,916.0,503.0,5734.0,6357350.0
ID5618,,,,,,1643.0,1035.0,1253.0,1242.0,1468.0,533.0,6641.0,7407850.0
ID7788,,,,,,1285.0,1391.0,1345.0,1441.0,1063.0,670.0,6525.0,7229150.0
ID4699,,,,,,1446.0,1304.0,994.0,1374.0,1489.0,633.0,6607.0,7324600.0
ID6697,,,,,,1539.0,1555.0,1555.0,1172.0,1154.0,423.0,6975.0,7786950.0
ID3794,,,,,,1393.0,1593.0,1366.0,1681.0,1533.0,748.0,7566.0,8362100.0
ID6954,,,,,,1245.0,1232.0,1112.0,1733.0,1399.0,640.0,6721.0,7399900.0
ID7041,,,,,,1623.0,1815.0,977.0,1240.0,1550.0,741.0,7205.0,8012650.0
ID4931,,,,,,1331.0,1606.0,1217.0,1246.0,1353.0,571.0,6753.0,7497650.0
ID3768,,,,,,1082.0,1326.0,1209.0,1328.0,1456.0,548.0,6401.0,7076950.0
ID5679,,,,,,1492.0,1125.0,1612.0,1303.0,1554.0,556.0,7086.0,7894100.0
ID5446,,,,,,1434.0,1344.0,1071.0,1581.0,1253.0,647.0,6683.0,7390150.0
ID5799,,,,,,1526.0,1028.0,1678.0,1509.0,1341.0,648.0,7082.0,7875800.0
ID6080,,,,,,1549.0,1239.0,1346.0,1605.0,1467.0,682.0,7206.0,7988300.0
ID4170,,,,,,1621.0,876.0,1446.0,1369.0,1515.0,679.0,6827.0,7607200.0
ID3741,5213.0,5873.0,5462.0,4065.0,4758.0,1977.0,2305.0,2025.0,1816.0,1860.0,2860.0,35354.0,13631640.0
ID8963,,,,,,1242.0,1297.0,1053.0,918.0,1193.0,492.0,5703.0,6358350.0
ID9672,10869.0,11337.0,11152.0,10102.0,8780.0,2873.0,3212.0,3686.0,2872.0,3334.0,6200.0,68217.0,22981250.0
ID6641,,,,,,1290.0,1275.0,1578.0,1543.0,1094.0,512.0,6780.0,7511600.0
ID4895,,,,,,1236.0,1304.0,1432.0,1204.0,1343.0,435.0,6519.0,7245700.0
ID4035,,,,,,1093.0,1580.0,1298.0,963.0,1281.0,454.0,6215.0,6914400.0
ID6901,,,,,,1194.0,1185.0,1391.0,1359.0,1130.0,424.0,6259.0,6937950.0
ID4859,,,,,,1576.0,1502.0,1289.0,1706.0,1545.0,466.0,7618.0,8431250.0
ID4794,,,,,,1202.0,1007.0,1171.0,1639.0,1210.0,464.0,6229.0,6866750.0
ID9926,,,,,,1535.0,1442.0,1201.0,1242.0,1286.0,573.0,6706.0,7465950.0
ID6361,,,,,,1564.0,1434.0,1190.0,1386.0,1256.0,379.0,6830.0,7590300.0
ID6475,,,,,,1414.0,1597.0,1445.0,1151.0,1221.0,352.0,6828.0,7609350.0
ID1750,5182.0,6037.0,4267.0,5181.0,6415.0,2198.0,2179.0,1810.0,1897.0,1656.0,4192.0,36822.0,13525100.0
ID1379,,,,,,1558.0,1429.0,1369.0,1372.0,1275.0,641.0,7003.0,7790350.0
ID6600,,,,,,1283.0,1358.0,1146.0,1315.0,962.0,744.0,6064.0,6724500.0
ID7469,,,,,,1710.0,1084.0,1491.0,1088.0,784.0,440.0,6157.0,6909450.0
ID4099,,,,,,1532.0,1398.0,1393.0,1600.0,1280.0,611.0,7203.0,7986150.0
ID6476,,,,,,1652.0,1584.0,1222.0,1364.0,1542.0,692.0,7364.0,8190300.0
ID5468,,,,,,1598.0,1325.0,1154.0,1626.0,1485.0,462.0,7188.0,7961700.0
ID4692,,,,,,979.0,1247.0,1288.0,1639.0,1353.0,504.0,6506.0,7155000.0
ID4473,,,,,,1069.0,1067.0,1300.0,1209.0,1371.0,398.0,6016.0,6668600.0
ID1298,,,,,,1190.0,1393.0,1098.0,1403.0,1104.0,684.0,6188.0,6840400.0
ID5654,,,,,,1574.0,1511.0,1418.0,1134.0,1310.0,579.0,6947.0,7756600.0
ID6925,,,,,,1091.0,1311.0,1175.0,1682.0,1321.0,498.0,6580.0,7237650.0
ID9760,,,,,,1368.0,1424.0,1551.0,1270.0,1327.0,582.0,6940.0,7721350.0
ID2493,,,,,,1607.0,1178.0,1248.0,1584.0,1482.0,614.0,7099.0,7873600.0
ID3343,,,,,,824.0,627.0,606.0,597.0,743.0,206.0,3397.0,3789700.0
ID2117,,,,,,471.0,673.0,665.0,797.0,685.0,243.0,3291.0,3620750.0
ID7140,,,,,,754.0,538.0,563.0,564.0,697.0,195.0,3116.0,3474750.0
ID7305,,,,,,601.0,558.0,659.0,576.0,473.0,241.0,2867.0,3189150.0
ID4010,,,,,,695.0,659.0,773.0,662.0,637.0,322.0,3426.0,3810550.0
ID3140,,,,,,724.0,673.0,699.0,749.0,729.0,388.0,3574.0,3963850.0
ID7346,,,,,,555.0,675.0,656.0,754.0,655.0,207.0,3295.0,3637400.0
ID8977,,,,,,579.0,726.0,588.0,690.0,566.0,277.0,3149.0,3482200.0
ID7937,,,,,,664.0,401.0,590.0,589.0,685.0,249.0,2929.0,3258900.0
ID2984,,,,,,807.0,722.0,549.0,836.0,827.0,311.0,3741.0,4139650.0
ID8564,6217.0,7497.0,8250.0,9055.0,7803.0,2616.0,2769.0,2454.0,2065.0,2391.0,3326.0,51117.0,17592030.0
ID4622,,,,,,391.0,608.0,590.0,753.0,713.0,103.0,3055.0,3353800.0
ID6501,,,,,,503.0,506.0,521.0,699.0,597.0,132.0,2826.0,3115050.0
ID9424,,,,,,658.0,609.0,734.0,724.0,553.0,344.0,3278.0,3635900.0
ID1718,,,,,,710.0,702.0,692.0,682.0,568.0,262.0,3354.0,3726800.0
ID1429,5624.0,5312.0,4009.0,6316.0,4130.0,1201.0,1331.0,1312.0,1270.0,1238.0,1942.0,31743.0,9571970.0
ID1543,9724.0,6092.0,8096.0,7225.0,10985.0,2600.0,2054.0,2628.0,2718.0,2718.0,4627.0,54840.0,18341640.0
ID4775,,,,,,665.0,601.0,472.0,724.0,602.0,339.0,3064.0,3388100.0
ID2270,,,,,,770.0,596.0,745.0,509.0,704.0,214.0,3324.0,3719750.0
ID5002,,,,,,750.0,751.0,687.0,541.0,416.0,337.0,3145.0,3514750.0
ID7957,,,,,,1437.0,1192.0,1236.0,1166.0,1364.0,445.0,6395.0,7123400.0
ID3899,,,,,,665.0,795.0,683.0,696.0,645.0,332.0,3484.0,3863450.0
ID9151,,,,,,879.0,686.0,714.0,580.0,731.0,375.0,3590.0,4014600.0
ID3662,,,,,,712.0,612.0,644.0,645.0,588.0,189.0,3201.0,3560000.0
ID7064,,,,,,605.0,654.0,760.0,525.0,676.0,195.0,3220.0,3588000.0
ID1819,,,,,,524.0,740.0,625.0,752.0,536.0,243.0,3177.0,3503150.0
ID6874,,,,,,650.0,634.0,553.0,573.0,539.0,288.0,2949.0,3279250.0
ID5532,,,,,,510.0,623.0,670.0,640.0,780.0,207.0,3223.0,3565800.0
ID3409,,,,,,665.0,665.0,687.0,621.0,577.0,212.0,3215.0,3575250.0
ID1214,,,,,,549.0,523.0,678.0,735.0,645.0,235.0,3130.0,3458300.0
ID3549,9023.0,9740.0,8655.0,5960.0,10007.0,2110.0,2064.0,2381.0,2986.0,2823.0,3479.0,55749.0,17959500.0
ID4352,,,,,,542.0,541.0,516.0,540.0,653.0,244.0,2792.0,3097200.0
ID4469,,,,,,577.0,661.0,763.0,607.0,699.0,273.0,3307.0,3672850.0
ID9841,5702.0,5368.0,5557.0,4374.0,4834.0,1216.0,1526.0,1270.0,1294.0,1218.0,1306.0,32359.0,9817490.0
ID2600,,,,,,813.0,577.0,729.0,609.0,609.0,302.0,3337.0,3727550.0
ID8112,,,,,,558.0,723.0,605.0,432.0,615.0,77.0,2933.0,3269150.0
ID8924,,,,,,561.0,698.0,561.0,739.0,494.0,267.0,3053.0,3368550.0
ID6387,,,,,,535.0,558.0,835.0,597.0,612.0,328.0,3137.0,3486250.0
ID5720,,,,,,739.0,661.0,749.0,696.0,578.0,201.0,3423.0,3807050.0
ID4545,,,,,,796.0,648.0,711.0,633.0,671.0,269.0,3459.0,3856750.0
ID8569,,,,,,654.0,666.0,733.0,741.0,678.0,293.0,3472.0,3847150.0
ID1745,,,,,,674.0,463.0,723.0,696.0,499.0,328.0,3055.0,3394450.0
ID5440,,,,,,465.0,643.0,707.0,615.0,556.0,248.0,2986.0,3304950.0
ID7313,,,,,,500.0,631.0,609.0,403.0,458.0,145.0,2601.0,2901250.0
ID8975,,,,,,513.0,626.0,569.0,849.0,640.0,251.0,3197.0,3511550.0
ID6103,,,,,,493.0,679.0,488.0,775.0,573.0,241.0,3008.0,3305000.0
ID8877,,,,,,583.0,527.0,616.0,758.0,676.0,146.0,3160.0,3489300.0
ID6037,,,,,,761.0,820.0,463.0,731.0,607.0,355.0,3382.0,3746350.0
ID1134,,,,,,760.0,573.0,726.0,722.0,750.0,383.0,3531.0,3924200.0
ID5840,,,,,,567.0,665.0,752.0,633.0,784.0,406.0,3401.0,3772100.0
ID1012,,,,,,636.0,713.0,795.0,572.0,559.0,197.0,3275.0,3648650.0
ID7290,,,,,,686.0,779.0,600.0,593.0,584.0,230.0,3242.0,3605500.0
ID3169,,,,,,561.0,633.0,803.0,534.0,349.0,182.0,2880.0,3210850.0
ID5381,,,,,,758.0,739.0,831.0,654.0,624.0,222.0,3606.0,4018550.0
ID1603,,,,,,803.0,641.0,712.0,628.0,688.0,383.0,3472.0,3872300.0
ID2467,,,,,,689.0,675.0,668.0,627.0,694.0,321.0,3353.0,3727900.0
ID9465,9851.0,11156.0,7233.0,9251.0,10886.0,2376.0,2856.0,2366.0,2521.0,2130.0,6011.0,60626.0,18376170.0
ID5942,,,,,,705.0,623.0,706.0,661.0,452.0,189.0,3147.0,3501400.0
ID1948,,,,,,668.0,764.0,656.0,834.0,699.0,194.0,3621.0,3999300.0
ID2077,11548.0,7447.0,8057.0,9742.0,8215.0,2314.0,2219.0,2270.0,2435.0,1780.0,5498.0,56027.0,16728200.0
ID9065,,,,,,385.0,727.0,478.0,623.0,659.0,288.0,2872.0,3159300.0
ID8333,,,,,,538.0,682.0,594.0,667.0,522.0,276.0,3003.0,3320100.0
ID6284,,,,,,524.0,633.0,673.0,614.0,753.0,299.0,3197.0,3541350.0
ID9980,6212.0,7888.0,4999.0,9370.0,8990.0,2462.0,2094.0,2374.0,2435.0,1871.0,4493.0,48695.0,16198010.0
ID2382,,,,,,588.0,640.0,718.0,768.0,533.0,218.0,3247.0,3589600.0
ID2582,,,,,,554.0,463.0,505.0,842.0,514.0,111.0,2878.0,3162250.0
ID5432,,,,,,632.0,815.0,627.0,642.0,804.0,226.0,3520.0,3902350.0
ID1551,,,,,,705.0,706.0,554.0,470.0,686.0,341.0,3121.0,3484300.0
ID3767,,,,,,593.0,482.0,702.0,603.0,498.0,221.0,2878.0,3199900.0
ID3815,,,,,,605.0,599.0,564.0,710.0,690.0,332.0,3168.0,3502500.0
ID9642,,,,,,691.0,613.0,619.0,836.0,698.0,257.0,3457.0,3819150.0
ID5501,,,,,,608.0,664.0,521.0,653.0,658.0,258.0,3104.0,3435950.0
ID6675,,,,,,588.0,626.0,538.0,508.0,496.0,252.0,2756.0,3066500.0
ID3287,,,,,,462.0,679.0,603.0,719.0,689.0,264.0,3152.0,3471650.0
ID1953,,,,,,642.0,664.0,537.0,704.0,640.0,193.0,3187.0,3526350.0
ID5211,,,,,,594.0,579.0,617.0,754.0,761.0,252.0,3305.0,3650350.0
ID5562,,,,,,635.0,799.0,772.0,883.0,527.0,259.0,3616.0,3991400.0
ID4231,,,,,,600.0,718.0,475.0,759.0,707.0,307.0,3259.0,3592750.0
ID4669,,,,,,585.0,511.0,604.0,707.0,583.0,247.0,2990.0,3307000.0
ID5781,,,,,,696.0,545.0,559.0,705.0,644.0,296.0,3149.0,3490950.0
ID6904,,,,,,703.0,584.0,565.0,754.0,687.0,191.0,3293.0,3645450.0
ID7376,,,,,,496.0,599.0,488.0,627.0,610.0,264.0,2820.0,3113300.0
ID9948,,,,,,410.0,612.0,604.0,729.0,738.0,214.0,3093.0,3400600.0
ID6449,,,,,,697.0,770.0,527.0,502.0,781.0,288.0,3277.0,3650550.0
ID2005,,,,,,624.0,701.0,828.0,505.0,722.0,344.0,3380.0,3771300.0
ID4902,,,,,,578.0,670.0,503.0,507.0,705.0,310.0,2963.0,3291550.0
ID1743,,,,,,677.0,474.0,453.0,723.0,452.0,268.0,2779.0,3074950.0
ID3948,,,,,,646.0,471.0,549.0,818.0,720.0,330.0,3204.0,3534650.0
ID7573,,,,,,687.0,719.0,833.0,485.0,667.0,321.0,3391.0,3791950.0
ID1916,,,,,,519.0,697.0,648.0,606.0,724.0,218.0,3194.0,3537100.0
ID8444,,,,,,519.0,659.0,663.0,588.0,680.0,252.0,3109.0,3446150.0
ID9619,,,,,,490.0,648.0,697.0,513.0,673.0,199.0,3021.0,3355650.0
ID1360,,,,,,601.0,722.0,612.0,628.0,802.0,265.0,3365.0,3729400.0
ID3335,,,,,,650.0,730.0,645.0,575.0,800.0,202.0,3400.0,3779750.0
ID2456,,,,,,777.0,694.0,643.0,582.0,616.0,244.0,3312.0,3694850.0
ID3874,,,,,,649.0,469.0,671.0,765.0,685.0,246.0,3239.0,3584850.0
ID5985,,,,,,697.0,466.0,870.0,597.0,530.0,283.0,3160.0,3529500.0
ID5264,,,,,,730.0,698.0,599.0,657.0,617.0,313.0,3301.0,3668350.0
ID5393,,,,,,696.0,830.0,473.0,630.0,597.0,341.0,3226.0,3578850.0
ID9262,,,,,,557.0,691.0,860.0,641.0,657.0,267.0,3406.0,3781200.0
ID4301,,,,,,610.0,413.0,729.0,501.0,540.0,263.0,2793.0,3119650.0
ID4506,,,,,,898.0,452.0,501.0,665.0,699.0,166.0,3215.0,3584850.0
ID8552,,,,,,710.0,491.0,705.0,503.0,723.0,272.0,3132.0,3501150.0
ID5726,,,,,,777.0,615.0,720.0,497.0,691.0,272.0,3300.0,3694000.0
ID1726,,,,,,534.0,710.0,582.0,494.0,628.0,234.0,2948.0,3275900.0
ID6490,,,,,,628.0,773.0,674.0,486.0,776.0,270.0,3337.0,3718600.0
ID4368,,,,,,621.0,592.0,878.0,775.0,743.0,234.0,3609.0,3998400.0
ID9469,,,,,,729.0,548.0,707.0,781.0,679.0,342.0,3444.0,3818550.0
ID4158,7676.0,12262.0,7572.0,10691.0,8398.0,1793.0,2004.0,1803.0,1727.0,1972.0,4826.0,55898.0,14938650.0
ID6886,8511.0,6634.0,8457.0,9109.0,5907.0,1634.0,1683.0,1560.0,1874.0,1933.0,3602.0,47302.0,13486430.0
ID3871,7071.0,8437.0,7899.0,8769.0,8428.0,1590.0,1770.0,1351.0,2224.0,1859.0,3905.0,49398.0,13732570.0
ID1808,10013.0,10267.0,9575.0,5668.0,8940.0,1570.0,1823.0,1998.0,1985.0,2108.0,4716.0,53947.0,14930180.0
ID3376,8586.0,8830.0,9884.0,7306.0,8405.0,1879.0,1240.0,1750.0,1629.0,1889.0,4196.0,51398.0,13649840.0
ID3551,8356.0,6969.0,6962.0,7111.0,10114.0,1560.0,1820.0,1558.0,1603.0,2032.0,4409.0,48085.0,13455030.0
ID5770,9847.0,10397.0,7486.0,6513.0,9173.0,1401.0,2306.0,1775.0,1106.0,1711.0,2393.0,51715.0,13559640.0
ID4587,10621.0,9324.0,8249.0,8007.0,5345.0,2097.0,1710.0,1988.0,1571.0,2256.0,4406.0,51168.0,14880050.0
ID1443,7452.0,10593.0,9070.0,6625.0,9906.0,2109.0,2147.0,2412.0,2145.0,2048.0,5360.0,54507.0,16413470.0
ID8689,7437.0,9999.0,9563.0,10701.0,8239.0,1625.0,2228.0,1742.0,1908.0,1795.0,5891.0,55237.0,14876140.0
ID6976,8857.0,7837.0,11377.0,8551.0,7724.0,2627.0,1684.0,2105.0,1361.0,1739.0,4914.0,53862.0,15169450.0
ID9335,8953.0,7069.0,10439.0,9159.0,8776.0,1404.0,2136.0,2089.0,1573.0,2123.0,4688.0,53721.0,14818350.0
ID8750,7527.0,8291.0,6723.0,10312.0,6641.0,1831.0,1273.0,2144.0,1972.0,1581.0,3198.0,48295.0,13707920.0
ID6089,8777.0,8727.0,9195.0,9087.0,8127.0,1619.0,2439.0,1688.0,1991.0,1733.0,4153.0,53383.0,14860180.0
ID5178,7671.0,8602.0,9028.0,7570.0,7770.0,2008.0,2251.0,1757.0,1405.0,1383.0,3195.0,49445.0,13900910.0
ID2112,7672.0,10342.0,9270.0,7548.0,10021.0,1822.0,1974.0,1776.0,1964.0,1510.0,3490.0,53899.0,14499780.0
ID8167,5737.0,8482.0,8767.0,5618.0,8417.0,1913.0,1457.0,1799.0,1690.0,1947.0,3001.0,45827.0,13503800.0
ID3236,8196.0,8698.0,10774.0,5916.0,10939.0,1793.0,1292.0,1603.0,1765.0,1430.0,3699.0,52406.0,13227310.0
ID7167,7130.0,7376.0,9423.0,7255.0,7136.0,1550.0,1501.0,1698.0,1640.0,1587.0,3220.0,46296.0,12701970.0
ID7392,8726.0,10544.0,10129.0,10683.0,8481.0,1533.0,1337.0,1617.0,1679.0,1363.0,4588.0,56092.0,13200300.0
ID6385,6785.0,10703.0,7695.0,8746.0,5053.0,2092.0,1751.0,1898.0,1320.0,1984.0,4611.0,48027.0,13989720.0
ID7769,9948.0,7887.0,9142.0,7391.0,9436.0,1462.0,2132.0,1675.0,1566.0,1663.0,4494.0,52302.0,13814100.0
ID6558,8660.0,8883.0,7565.0,6346.0,7943.0,1701.0,1722.0,1495.0,1527.0,2028.0,4433.0,47870.0,13338970.0
ID2861,8795.0,7671.0,10350.0,5366.0,9330.0,1478.0,1393.0,1982.0,1992.0,1435.0,4633.0,49792.0,13333690.0
ID3024,9195.0,6864.0,10892.0,6901.0,9583.0,1842.0,1510.0,2004.0,1601.0,2023.0,3046.0,52415.0,14386080.0
ID9229,8334.0,8598.0,7777.0,7717.0,9514.0,2058.0,2010.0,2199.0,2061.0,2141.0,4859.0,52409.0,15811340.0
ID2729,10099.0,7007.0,10080.0,10635.0,11349.0,2031.0,2211.0,2269.0,1868.0,1218.0,4480.0,58767.0,15634180.0
ID9585,9026.0,9376.0,7456.0,7383.0,8908.0,2391.0,1457.0,1648.0,1842.0,1425.0,3841.0,50912.0,13972300.0
ID7380,7778.0,8627.0,8314.0,9100.0,9607.0,2082.0,1520.0,1723.0,1554.0,2157.0,4794.0,52462.0,14418020.0
ID7388,8215.0,6585.0,8681.0,7521.0,7011.0,1736.0,1728.0,1267.0,1570.0,2129.0,3504.0,46443.0,13175210.0
ID9973,7341.0,6473.0,8091.0,9850.0,7744.0,1411.0,1970.0,2001.0,1317.0,1870.0,3453.0,48068.0,13501430.0
ID5062,9117.0,5788.0,10364.0,7966.0,7242.0,1863.0,1539.0,2251.0,1796.0,2008.0,3639.0,49934.0,14615410.0
ID7881,7365.0,5881.0,7947.0,9024.0,9042.0,1964.0,1984.0,1624.0,1374.0,2276.0,3532.0,48481.0,14230960.0
ID8909,10552.0,11565.0,6685.0,6836.0,8939.0,2185.0,1760.0,1379.0,1621.0,1960.0,6052.0,53482.0,14329750.0
ID6805,9040.0,7366.0,9944.0,9395.0,8874.0,2175.0,2117.0,1839.0,1784.0,1425.0,2660.0,53959.0,14892730.0
ID7381,10611.0,9427.0,10598.0,6148.0,9083.0,1543.0,2300.0,2058.0,2204.0,1432.0,4602.0,55404.0,15125910.0
ID4487,8612.0,11041.0,6957.0,8517.0,10173.0,1985.0,1913.0,2083.0,1542.0,1891.0,4525.0,54714.0,14993010.0
ID3652,7567.0,5602.0,7372.0,6649.0,10429.0,1973.0,1263.0,1559.0,2312.0,1408.0,4039.0,46134.0,13190150.0
ID1811,9401.0,8071.0,5638.0,9970.0,8647.0,1525.0,1800.0,1647.0,1320.0,1461.0,3863.0,49480.0,12779520.0
ID9876,15724.0,17740.0,18829.0,13858.0,17341.0,4088.0,3876.0,3094.0,4172.0,3135.0,7753.0,101857.0,28707890.0
ID9061,10845.0,7516.0,9304.0,12157.0,9222.0,2013.0,2207.0,1820.0,1513.0,1814.0,5111.0,58411.0,15366980.0
ID7945,8677.0,13028.0,6679.0,7344.0,8985.0,1526.0,2122.0,2029.0,1527.0,1129.0,3204.0,53046.0,13675460.0
ID6307,8723.0,9321.0,6011.0,8012.0,5462.0,1699.0,1780.0,1613.0,1566.0,1670.0,4236.0,45857.0,12974550.0
ID7029,15350.0,12411.0,14627.0,12621.0,14306.0,2347.0,2044.0,2039.0,2293.0,2395.0,6685.0,80433.0,19290810.0
ID4041,7965.0,8379.0,7043.0,7182.0,2798.0,1479.0,1448.0,2685.0,1784.0,1799.0,3437.0,42562.0,13541590.0
ID8145,9261.0,8457.0,10085.0,7722.0,7318.0,1817.0,2384.0,2130.0,1530.0,1293.0,5689.0,51997.0,14505180.0
ID4065,9718.0,8583.0,8064.0,5630.0,8058.0,2004.0,2255.0,1003.0,1564.0,1560.0,5529.0,48439.0,13318860.0
ID3607,8496.0,10660.0,8539.0,8221.0,7704.0,1824.0,1687.0,1187.0,1966.0,2047.0,2403.0,52331.0,13968040.0
ID9431,5460.0,9723.0,7261.0,6071.0,9639.0,1915.0,1899.0,1705.0,1577.0,1773.0,2782.0,47023.0,13665730.0
ID6296,10152.0,6211.0,7949.0,6165.0,6839.0,1850.0,1730.0,1300.0,2131.0,1483.0,4486.0,45810.0,13129280.0
ID9303,10695.0,6448.0,8359.0,10641.0,10061.0,2304.0,1847.0,1923.0,1892.0,1501.0,3797.0,55671.0,15190560.0
ID8279,8362.0,9279.0,10206.0,9762.0,7827.0,1682.0,1798.0,2028.0,1840.0,1927.0,5555.0,54711.0,14840970.0
ID9035,9296.0,10605.0,7089.0,9417.0,6014.0,1737.0,1997.0,2360.0,1512.0,1719.0,4059.0,51746.0,14604940.0
ID6564,11541.0,8302.0,6934.0,9392.0,9949.0,1946.0,1813.0,1599.0,1712.0,1520.0,4241.0,54708.0,14150470.0
ID6602,11552.0,8479.0,4170.0,8793.0,9718.0,2028.0,1849.0,1665.0,1798.0,1934.0,3663.0,51986.0,14535760.0
ID6983,7885.0,8641.0,8150.0,8359.0,7188.0,1833.0,1151.0,1768.0,1546.0,1377.0,5045.0,47898.0,12576990.0
ID1772,10160.0,11871.0,7313.0,7361.0,7551.0,1755.0,1443.0,2108.0,2145.0,1640.0,4514.0,53347.0,14446520.0
ID7820,7830.0,10944.0,9177.0,9478.0,9301.0,1771.0,1783.0,1883.0,1741.0,1912.0,3668.0,55820.0,14751480.0
ID7377,7842.0,9476.0,6384.0,10601.0,5695.0,1658.0,1431.0,2011.0,1606.0,1409.0,4921.0,48113.0,13001130.0
ID9783,9897.0,8820.0,8090.0,9276.0,7400.0,1611.0,2050.0,1286.0,1444.0,1412.0,4801.0,51286.0,13005300.0
ID4230,7286.0,8317.0,7033.0,11871.0,7452.0,1795.0,2196.0,1981.0,1750.0,1553.0,3763.0,51234.0,14489110.0
ID1093,9393.0,7287.0,9974.0,8226.0,5693.0,1723.0,1608.0,1879.0,1151.0,1839.0,4584.0,48773.0,13255320.0
ID4606,8933.0,9149.0,9057.0,9948.0,9152.0,1683.0,1370.0,1962.0,1990.0,1712.0,4742.0,54956.0,14279080.0
ID6031,9802.0,7102.0,7521.0,8713.0,9783.0,1707.0,1909.0,1707.0,1618.0,2089.0,4650.0,51951.0,14323540.0
ID8648,9311.0,8119.0,8398.0,7466.0,6868.0,2373.0,2378.0,1955.0,1873.0,1809.0,2894.0,50550.0,15593540.0
ID2670,8323.0,10298.0,7040.0,7331.0,10203.0,1478.0,1883.0,1370.0,1481.0,1771.0,4432.0,51178.0,13136420.0
ID8786,8334.0,9511.0,9477.0,9721.0,9722.0,2035.0,2316.0,1405.0,1427.0,2432.0,6145.0,56380.0,15383710.0
ID1279,5437.0,7675.0,8830.0,8265.0,10548.0,1817.0,1576.0,1823.0,2092.0,1637.0,4118.0,49700.0,13990200.0
ID2929,5269.0,10429.0,6839.0,8800.0,8798.0,1956.0,1828.0,1723.0,2162.0,1757.0,3848.0,49561.0,14411750.0
ID6046,8382.0,8832.0,9620.0,8637.0,9813.0,1743.0,1152.0,1958.0,1789.0,1488.0,3745.0,53414.0,13572580.0
ID8900,6868.0,10703.0,8697.0,10183.0,11416.0,1886.0,1704.0,1981.0,1761.0,1930.0,6252.0,57129.0,15066390.0
ID7690,11086.0,8745.0,7487.0,8685.0,7781.0,1367.0,2056.0,1832.0,1256.0,2118.0,4626.0,52413.0,13960420.0
ID2390,7842.0,9373.0,7486.0,7721.0,12637.0,2286.0,2062.0,2425.0,1752.0,1945.0,6379.0,55529.0,16178680.0
ID9160,15612.0,18227.0,20067.0,13257.0,18517.0,3790.0,3455.0,2575.0,3114.0,3361.0,7645.0,101975.0,26707250.0
ID5121,8524.0,8597.0,7063.0,10253.0,7253.0,1990.0,2151.0,2090.0,2285.0,1709.0,5020.0,51915.0,15476160.0
ID6510,6285.0,8514.0,8255.0,8182.0,8084.0,2166.0,1597.0,1679.0,1872.0,1825.0,3518.0,48459.0,14095660.0
ID7374,9355.0,3409.0,10296.0,7459.0,12373.0,1544.0,1636.0,1495.0,1950.0,2230.0,4417.0,51747.0,14132720.0
ID5426,8395.0,6460.0,7088.0,8326.0,6121.0,1989.0,1892.0,1785.0,1592.0,1378.0,3882.0,45026.0,13273830.0
ID3866,6377.0,7786.0,6121.0,8175.0,8829.0,1708.0,1382.0,1721.0,1976.0,2166.0,5675.0,46241.0,13619700.0
ID7369,8442.0,7739.0,10188.0,10136.0,5908.0,1343.0,1749.0,1512.0,1588.0,1440.0,2687.0,50045.0,12712090.0
ID4159,9407.0,6966.0,9626.0,7765.0,6970.0,1747.0,1978.0,1946.0,1901.0,1448.0,5616.0,49754.0,14103900.0
ID8330,8288.0,5910.0,8377.0,8135.0,8085.0,1947.0,2017.0,1740.0,1923.0,1787.0,4651.0,48209.0,14348970.0
ID8021,8148.0,6057.0,8694.0,9962.0,9037.0,1489.0,1485.0,1802.0,1756.0,1555.0,3880.0,49985.0,13175270.0
ID8246,7330.0,7663.0,9567.0,9490.0,8404.0,2037.0,1957.0,1633.0,1895.0,1565.0,4331.0,51541.0,14355990.0
ID2798,11134.0,7333.0,7634.0,7078.0,9329.0,1742.0,1355.0,1650.0,1702.0,1391.0,3591.0,50348.0,12964310.0
ID5248,6814.0,8413.0,10593.0,10376.0,9820.0,1972.0,1908.0,1750.0,1773.0,1380.0,4803.0,54799.0,14392100.0
ID4810,5005.0,7183.0,7665.0,10132.0,10591.0,1779.0,1874.0,2118.0,2280.0,2370.0,4131.0,50997.0,15581320.0
ID7071,11277.0,8204.0,5036.0,8086.0,9432.0,1774.0,1822.0,1269.0,1889.0,1728.0,5729.0,50517.0,13553970.0
ID6487,10202.0,7536.0,5438.0,9785.0,9083.0,1818.0,1481.0,1689.0,1318.0,2133.0,4980.0,50483.0,13600770.0
ID7574,10121.0,9773.0,5743.0,7718.0,6590.0,1834.0,1302.0,1695.0,1233.0,1522.0,2908.0,47531.0,12443650.0
ID3142,7227.0,7386.0,9437.0,6115.0,7201.0,2340.0,1908.0,1411.0,1900.0,1751.0,3082.0,46676.0,14112660.0
ID2321,10760.0,10649.0,7797.0,9537.0,7846.0,1670.0,1719.0,1484.0,1722.0,1597.0,4269.0,54781.0,13710580.0
ID4601,7306.0,10483.0,8852.0,9603.0,10898.0,1887.0,1935.0,1101.0,1632.0,1742.0,5061.0,55439.0,13905140.0
ID4284,7169.0,6912.0,8468.0,12036.0,8152.0,2124.0,1412.0,1193.0,2358.0,1751.0,5128.0,51575.0,14047310.0
ID4172,11029.0,7478.0,9243.0,9564.0,8170.0,1937.0,1784.0,1563.0,1614.0,2197.0,5522.0,54579.0,14681000.0
ID8417,10959.0,8927.0,8125.0,7015.0,9062.0,1811.0,1625.0,1833.0,1741.0,1770.0,4342.0,52868.0,14157430.0
ID9685,7871.0,8260.0,9220.0,7676.0,7217.0,1866.0,2491.0,1972.0,2449.0,1888.0,3709.0,50910.0,15806900.0
ID5390,5470.0,7691.0,9401.0,8582.0,8409.0,2138.0,2320.0,1932.0,1684.0,1771.0,3861.0,49398.0,14943900.0
ID9541,12116.0,12839.0,14171.0,11826.0,11838.0,2426.0,2778.0,2163.0,2618.0,2732.0,6012.0,75507.0,20369970.0
ID3181,7589.0,11231.0,8058.0,8731.0,9133.0,1929.0,1503.0,1789.0,1641.0,1716.0,3670.0,53320.0,13996520.0
ID6967,8141.0,6337.0,6943.0,8820.0,5453.0,1334.0,1880.0,2089.0,1822.0,910.0,4918.0,43729.0,12469610.0
ID9568,9165.0,9680.0,7078.0,9277.0,9441.0,1863.0,1339.0,1714.0,1979.0,1808.0,6654.0,53344.0,14085480.0
ID3689,10322.0,6527.0,9958.0,8705.0,8162.0,1929.0,1822.0,1498.0,1617.0,2295.0,4132.0,52835.0,14584910.0
ID4865,5046.0,9364.0,7805.0,7985.0,10925.0,1902.0,1769.0,1957.0,1330.0,1553.0,3960.0,49636.0,13614060.0
ID5287,9615.0,9660.0,6597.0,6912.0,5898.0,1451.0,2049.0,2031.0,1104.0,1355.0,3306.0,46672.0,12762820.0
ID1479,9081.0,10098.0,6847.0,7412.0,11146.0,1923.0,1583.0,2068.0,1666.0,1826.0,3708.0,53650.0,14527590.0
ID6304,8408.0,7778.0,9172.0,7814.0,9165.0,1991.0,2447.0,1459.0,1716.0,1796.0,4449.0,51746.0,14697990.0
ID2367,6475.0,9644.0,11090.0,12212.0,8818.0,1512.0,1571.0,2078.0,2123.0,1436.0,3712.0,56959.0,14473160.0
ID8784,8863.0,9822.0,4279.0,8258.0,8203.0,1937.0,1896.0,1121.0,2261.0,2441.0,4892.0,49081.0,14532320.0
ID1795,12886.0,7711.0,10957.0,9664.0,10992.0,2134.0,2044.0,1898.0,1782.0,2287.0,5710.0,62355.0,16543060.0
ID7192,8098.0,9911.0,8091.0,10077.0,8435.0,1400.0,1370.0,1686.0,2046.0,2126.0,4536.0,53240.0,13953500.0
ID3386,8103.0,8565.0,11863.0,8282.0,8324.0,1903.0,2182.0,1382.0,2151.0,1489.0,5109.0,54244.0,14608680.0
ID2074,15325.0,11013.0,11698.0,18168.0,14996.0,2312.0,1973.0,2687.0,2784.0,2442.0,8498.0,83398.0,20631800.0
ID4360,8396.0,8214.0,9287.0,9387.0,7306.0,1652.0,2307.0,2117.0,1809.0,1641.0,4821.0,52116.0,14838480.0
ID3458,7581.0,8905.0,11491.0,8579.0,8993.0,1827.0,2042.0,1946.0,1894.0,1542.0,5365.0,54800.0,14847460.0
ID9807,8015.0,9718.0,8302.0,9139.0,10514.0,1937.0,1928.0,1927.0,1708.0,1570.0,4910.0,54758.0,14650890.0
ID1484,11874.0,8996.0,11837.0,9343.0,6609.0,1312.0,1183.0,1853.0,2221.0,1960.0,5255.0,57188.0,14277960.0
ID6927,7995.0,8873.0,6393.0,6250.0,11408.0,1109.0,1724.0,1481.0,1891.0,1925.0,4859.0,49049.0,13005950.0
ID1764,7623.0,10036.0,8359.0,6590.0,9375.0,1457.0,1569.0,1738.0,1527.0,2164.0,4393.0,50438.0,13561930.0
ID3881,8315.0,9445.0,8098.0,8808.0,7646.0,2335.0,1734.0,1664.0,1100.0,1509.0,5689.0,50654.0,13600630.0
ID5899,8789.0,7592.0,10954.0,8709.0,11048.0,1579.0,1934.0,1649.0,1388.0,2184.0,5010.0,55826.0,14451770.0
ID3935,8841.0,9113.0,11197.0,6212.0,11296.0,2309.0,1774.0,2164.0,1988.0,1485.0,3897.0,56379.0,15519040.0
ID3739,6589.0,7665.0,9972.0,12054.0,7670.0,1638.0,1560.0,1820.0,1885.0,1741.0,3416.0,52594.0,13992770.0
ID7948,11058.0,14778.0,14837.0,11817.0,13846.0,2563.0,2472.0,2404.0,2123.0,2199.0,7665.0,78097.0,19735490.0
ID3999,7998.0,11002.0,7009.0,7733.0,8225.0,2127.0,1798.0,1444.0,1461.0,1332.0,6109.0,50129.0,13273770.0
ID7496,6388.0,6413.0,8495.0,8287.0,11171.0,1421.0,1834.0,1265.0,1719.0,1515.0,3749.0,48508.0,12659070.0
ID6459,6949.0,10465.0,7834.0,8066.0,4017.0,1485.0,1439.0,2319.0,1647.0,1776.0,4031.0,45997.0,13339140.0
ID1886,8187.0,11581.0,10671.0,10359.0,10014.0,1969.0,2159.0,2023.0,1608.0,1572.0,4310.0,60143.0,15473450.0
ID6357,7316.0,8710.0,9680.0,8798.0,8596.0,1612.0,1850.0,1599.0,1673.0,2013.0,4291.0,51847.0,14015250.0
ID5662,8348.0,9395.0,8341.0,9203.0,8418.0,2322.0,1599.0,2333.0,1568.0,1682.0,4691.0,53209.0,15006410.0
ID2521,8428.0,8966.0,10410.0,9727.0,8354.0,1772.0,1990.0,1592.0,2391.0,1752.0,5035.0,55382.0,15067340.0
ID6909,9622.0,10284.0,8881.0,9015.0,7953.0,1838.0,1339.0,1797.0,2081.0,1480.0,3962.0,54290.0,14015520.0
ID7109,8763.0,9881.0,8034.0,6284.0,9687.0,1892.0,595.0,1747.0,1058.0,1857.0,3928.0,49798.0,12281080.0
ID1193,8896.0,10232.0,9270.0,10237.0,8617.0,2076.0,1702.0,1858.0,1607.0,2375.0,4298.0,56870.0,15435180.0
ID2156,6678.0,9358.0,10577.0,9528.0,8011.0,1740.0,1818.0,1758.0,1735.0,2105.0,6020.0,53308.0,14587390.0
ID8908,9053.0,10436.0,9024.0,8093.0,6838.0,1995.0,1418.0,1499.0,1905.0,2236.0,4863.0,52497.0,14372530.0
ID3844,6613.0,9887.0,8935.0,9016.0,12164.0,1233.0,1662.0,1600.0,1757.0,2081.0,5177.0,54948.0,13845880.0
ID5839,10710.0,9829.0,5980.0,7175.0,9371.0,1813.0,1845.0,1805.0,1489.0,2376.0,3891.0,52393.0,14651460.0
ID8854,6923.0,13069.0,6774.0,10118.0,7682.0,2273.0,2041.0,1645.0,1874.0,1233.0,4309.0,53632.0,14488400.0
ID7199,8075.0,6392.0,9419.0,5453.0,8118.0,2039.0,1615.0,1947.0,1696.0,1959.0,3953.0,46713.0,14089220.0
ID5641,9770.0,9358.0,8739.0,10386.0,9897.0,1705.0,2540.0,1264.0,1678.0,1882.0,5181.0,57219.0,14850610.0
ID6078,9954.0,7035.0,9198.0,9574.0,8576.0,1996.0,1041.0,2107.0,2444.0,1896.0,2275.0,53821.0,14948280.0
ID3247,6385.0,8529.0,5853.0,11115.0,6971.0,1816.0,1533.0,1774.0,1056.0,2017.0,3614.0,47049.0,13038840.0
ID5728,9633.0,6873.0,7589.0,10163.0,10545.0,1739.0,2148.0,1492.0,1283.0,1831.0,6669.0,53296.0,13949960.0
ID7793,9113.0,9602.0,10253.0,8514.0,5267.0,1714.0,1777.0,1826.0,2585.0,1575.0,4284.0,52226.0,14710310.0
ID3590,9795.0,7741.0,9506.0,6713.0,8221.0,2686.0,1841.0,1868.0,1984.0,1601.0,5660.0,51956.0,15356850.0
ID1480,9226.0,10154.0,8575.0,9745.0,7596.0,1637.0,1518.0,1538.0,1734.0,1791.0,3484.0,53514.0,13620810.0
ID9617,7292.0,10253.0,8737.0,10344.0,7620.0,2208.0,2147.0,1524.0,1676.0,1700.0,5672.0,53501.0,14719340.0
ID7452,7396.0,8974.0,9296.0,6833.0,5354.0,2079.0,1627.0,1616.0,1441.0,2657.0,3812.0,47273.0,14295120.0
ID8837,10818.0,10106.0,9504.0,8820.0,7296.0,1693.0,1754.0,1594.0,1666.0,1551.0,5136.0,54802.0,13814580.0
ID7612,8845.0,9070.0,11907.0,4823.0,8301.0,1905.0,1806.0,1077.0,1244.0,2292.0,3997.0,51270.0,13599320.0
ID6613,9452.0,10032.0,10753.0,8080.0,8167.0,1823.0,2671.0,1723.0,1734.0,1397.0,4668.0,55832.0,15033460.0
ID8422,11516.0,8111.0,8134.0,7939.0,5796.0,1369.0,1763.0,1320.0,1594.0,2173.0,3677.0,49715.0,13234230.0
ID7358,14451.0,14730.0,11873.0,12534.0,17901.0,2499.0,2511.0,2355.0,2504.0,2044.0,7837.0,83402.0,20341880.0
ID3075,7512.0,8867.0,8598.0,7942.0,6596.0,1969.0,1824.0,1764.0,2026.0,2000.0,5615.0,49098.0,14572610.0
ID9412,11142.0,5220.0,8998.0,10560.0,9366.0,1302.0,2028.0,1483.0,1870.0,1489.0,2917.0,53458.0,13572930.0
ID5407,6505.0,9497.0,7303.0,8822.0,10124.0,1979.0,1588.0,2051.0,905.0,824.0,3380.0,49598.0,12494810.0
ID2463,8682.0,8933.0,9430.0,7384.0,8313.0,1380.0,1848.0,1646.0,1524.0,2177.0,2169.0,51317.0,13779570.0
ID8891,8468.0,10530.0,9537.0,7305.0,9269.0,1866.0,1637.0,1572.0,1909.0,2332.0,6546.0,54425.0,14822870.0
ID9190,8450.0,7657.0,10123.0,10963.0,7104.0,1534.0,1915.0,1454.0,1804.0,2078.0,5770.0,53082.0,14163560.0
ID3289,7748.0,10821.0,9591.0,7499.0,6673.0,1214.0,1506.0,2061.0,1871.0,1685.0,5006.0,50669.0,13428950.0
ID2628,8549.0,8541.0,11113.0,9537.0,8609.0,2441.0,2420.0,1437.0,1262.0,2019.0,4368.0,55928.0,15387270.0
ID3213,6897.0,7916.0,12698.0,9738.0,8295.0,2284.0,2090.0,1658.0,1676.0,1262.0,5030.0,54514.0,14612920.0
ID8017,8279.0,10892.0,8441.0,9516.0,8857.0,1976.0,2089.0,1889.0,1640.0,1976.0,1896.0,55555.0,15229040.0
ID9917,9046.0,9960.0,7514.0,5910.0,8746.0,1577.0,1642.0,1508.0,1871.0,1570.0,4091.0,49344.0,13123940.0
ID7796,5262.0,9089.0,11475.0,7023.0,11551.0,886.0,2237.0,2222.0,1778.0,1606.0,5017.0,53129.0,14087660.0
ID9455,10905.0,8617.0,9746.0,6594.0,8255.0,2180.0,1901.0,1240.0,1824.0,2233.0,5517.0,53495.0,14836390.0
ID1768,9299.0,8852.0,8917.0,7412.0,11847.0,2005.0,1657.0,1973.0,1889.0,1407.0,3469.0,55258.0,14567700.0
ID5233,10041.0,6812.0,10559.0,8034.0,8304.0,2029.0,2024.0,1996.0,1870.0,1594.0,5200.0,53263.0,14992470.0
ID2342,7230.0,7875.0,8532.0,9154.0,8997.0,2177.0,1628.0,1861.0,1504.0,1715.0,5653.0,50673.0,14119220.0
ID3985,16433.0,10409.0,17193.0,15183.0,12409.0,2214.0,2440.0,2319.0,2079.0,2419.0,7034.0,83098.0,19978090.0
ID6295,8930.0,10297.0,8150.0,7308.0,10611.0,1136.0,1783.0,1682.0,1782.0,2036.0,4490.0,53715.0,13788530.0
ID3529,7807.0,9411.0,9659.0,9016.0,8812.0,1908.0,1513.0,1482.0,1823.0,1266.0,4196.0,52697.0,13346780.0
ID4831,6577.0,5993.0,8143.0,7681.0,10689.0,1822.0,2288.0,2123.0,1364.0,2032.0,6213.0,48712.0,14673650.0
ID6929,8800.0,9565.0,10321.0,12155.0,8754.0,2177.0,1704.0,1983.0,1664.0,1131.0,4554.0,58254.0,14642410.0
ID7538,7718.0,8955.0,10208.0,7311.0,9120.0,846.0,2494.0,1967.0,1734.0,1632.0,4581.0,51985.0,13893580.0
ID2828,10796.0,5119.0,8468.0,11195.0,8209.0,2143.0,2192.0,2236.0,1691.0,1759.0,5220.0,53808.0,15592290.0
ID5520,9348.0,10020.0,6751.0,8665.0,6530.0,2071.0,1911.0,1994.0,1492.0,1388.0,3883.0,50170.0,13997910.0
ID9488,8808.0,9817.0,8576.0,10034.0,10174.0,1294.0,1945.0,1296.0,1826.0,2011.0,4905.0,55781.0,13949290.0
ID4716,6206.0,5639.0,6033.0,8273.0,8241.0,1897.0,2077.0,1434.0,1694.0,1546.0,3044.0,43040.0,13047940.0
ID4011,8361.0,7420.0,7996.0,7502.0,8331.0,1912.0,1884.0,1220.0,2123.0,1776.0,2946.0,48525.0,13813160.0
ID6799,5116.0,11505.0,12007.0,7102.0,10969.0,1392.0,1415.0,1911.0,2159.0,1926.0,5430.0,55502.0,14377070.0
ID8662,9496.0,8684.0,9015.0,6786.0,8544.0,2163.0,2122.0,1874.0,2131.0,1277.0,5270.0,52092.0,14876410.0
ID3534,12481.0,8509.0,8516.0,7206.0,11468.0,1255.0,1530.0,1857.0,1764.0,2000.0,4237.0,56586.0,14106620.0
ID1654,7595.0,10394.0,8101.0,6953.0,9635.0,1679.0,2308.0,1555.0,1719.0,2044.0,3826.0,51983.0,14554120.0
ID6620,5740.0,8426.0,9072.0,6722.0,9233.0,1521.0,1591.0,1833.0,1461.0,2139.0,2431.0,47738.0,13422910.0
ID9871,9182.0,6912.0,9653.0,8441.0,9753.0,2230.0,1049.0,1964.0,2142.0,1289.0,3887.0,52615.0,14069910.0
ID5023,8423.0,8947.0,9822.0,6846.0,10476.0,1810.0,1977.0,1891.0,1237.0,2031.0,6113.0,53460.0,14452600.0
ID8269,8990.0,9838.0,5852.0,9407.0,7966.0,1701.0,1180.0,1619.0,1788.0,1944.0,3918.0,50285.0,13292890.0
ID2432,9410.0,7484.0,7812.0,8477.0,7636.0,1460.0,1873.0,1443.0,2437.0,977.0,4211.0,49009.0,13068630.0
ID2031,8167.0,7724.0,7434.0,7946.0,9172.0,2338.0,1405.0,1930.0,1468.0,1648.0,5927.0,49232.0,13892800.0
ID4023,8536.0,7249.0,10002.0,11155.0,7612.0,1986.0,1744.0,1734.0,1558.0,1829.0,6662.0,53405.0,14348530.0
ID9118,8689.0,9986.0,9466.0,8274.0,5694.0,1373.0,1532.0,2388.0,1776.0,1880.0,4083.0,51058.0,14128700.0
ID2370,8252.0,9772.0,8384.0,7408.0,8187.0,2074.0,1897.0,1752.0,1976.0,1219.0,3274.0,50921.0,14093620.0
ID6226,7904.0,9370.0,11418.0,6081.0,7776.0,1564.0,1630.0,1872.0,2252.0,1196.0,3244.0,51063.0,13665580.0
ID9513,9301.0,9240.0,9839.0,6694.0,8048.0,1616.0,1919.0,1742.0,1910.0,2554.0,3618.0,52863.0,15090990.0
ID1625,7006.0,11565.0,10200.0,11283.0,7075.0,1522.0,2172.0,1387.0,1632.0,1915.0,2636.0,55757.0,14248400.0
ID2860,8508.0,9371.0,5938.0,12059.0,9593.0,1668.0,1653.0,1823.0,1359.0,1874.0,3870.0,53846.0,13849320.0
ID1530,9397.0,9383.0,6121.0,10180.0,9883.0,1483.0,1987.0,1973.0,2189.0,1885.0,4475.0,54481.0,14960530.0
ID3330,7037.0,9267.0,9637.0,7435.0,7541.0,2419.0,1501.0,1617.0,1433.0,1559.0,3734.0,49446.0,13656750.0
ID8613,8273.0,5217.0,7503.0,8724.0,8512.0,1443.0,2127.0,1824.0,1662.0,1295.0,3704.0,46580.0,13101160.0
ID8045,9710.0,9466.0,11380.0,10176.0,9316.0,1636.0,1400.0,2296.0,2235.0,1835.0,5170.0,59450.0,15421040.0
ID3839,8429.0,6682.0,8475.0,10841.0,7728.0,2204.0,1990.0,1024.0,1757.0,1362.0,3929.0,50492.0,13500030.0
ID7137,13248.0,19887.0,13420.0,20386.0,15320.0,3684.0,3911.0,3769.0,3618.0,3905.0,7399.0,101148.0,29132180.0
ID7222,8732.0,9692.0,9724.0,12268.0,7315.0,2090.0,1625.0,1825.0,2103.0,2259.0,4891.0,57633.0,15755570.0
ID2886,9756.0,7347.0,7743.0,6222.0,6293.0,1991.0,1646.0,1533.0,1667.0,1601.0,4273.0,45799.0,13130910.0
ID7018,8281.0,10659.0,9690.0,11486.0,8502.0,1523.0,1677.0,1611.0,2024.0,1660.0,3002.0,57113.0,14227060.0
ID2928,10380.0,9309.0,12514.0,9425.0,8961.0,1951.0,2131.0,1631.0,2053.0,1405.0,5524.0,59760.0,15250400.0
ID8162,8938.0,7412.0,8950.0,8514.0,8055.0,2208.0,1350.0,1264.0,1910.0,2237.0,4472.0,50838.0,14161180.0
ID9556,8051.0,10598.0,9386.0,8838.0,11567.0,1610.0,1643.0,1701.0,1518.0,2206.0,4509.0,57118.0,14471930.0
ID4087,9199.0,11312.0,8893.0,8329.0,7270.0,1548.0,2184.0,1814.0,2078.0,1905.0,3655.0,54532.0,14995710.0
ID8940,7745.0,10094.0,9296.0,7432.0,7885.0,1730.0,1535.0,2101.0,1467.0,1805.0,3063.0,51090.0,13870370.0
ID5627,9829.0,10852.0,9934.0,10434.0,10416.0,1743.0,1596.0,1881.0,1927.0,1576.0,5068.0,60188.0,14808270.0
ID9211,12498.0,6102.0,9304.0,6477.0,9572.0,1667.0,1651.0,1976.0,2495.0,2471.0,3113.0,54213.0,15729320.0
ID4978,9218.0,6677.0,10793.0,8795.0,9051.0,1772.0,1450.0,1729.0,1512.0,1944.0,5523.0,52941.0,13854710.0
ID7473,9510.0,9437.0,11970.0,7164.0,8707.0,1643.0,1527.0,1620.0,1556.0,1947.0,3507.0,55081.0,13916130.0
ID4542,9008.0,8052.0,9377.0,8445.0,9624.0,1750.0,2296.0,2226.0,1077.0,1528.0,3515.0,53383.0,14407150.0
ID5646,10416.0,7493.0,10266.0,10008.0,7666.0,1415.0,1319.0,1805.0,1841.0,1633.0,4794.0,53862.0,13474580.0
ID4924,8286.0,8436.0,7851.0,6803.0,8365.0,1811.0,1425.0,1804.0,1389.0,2299.0,4183.0,48469.0,13701450.0
ID3570,9609.0,8741.0,10230.0,9301.0,10141.0,1398.0,1385.0,2125.0,1509.0,1550.0,3116.0,55989.0,13675940.0
ID3922,6809.0,8717.0,10307.0,8617.0,8167.0,1575.0,1466.0,1638.0,1152.0,2068.0,5780.0,50516.0,13090700.0
ID1043,9054.0,7856.0,8026.0,8532.0,8822.0,1955.0,1737.0,1656.0,1366.0,1493.0,5009.0,50497.0,13400100.0
ID2400,8266.0,5373.0,6504.0,10719.0,7959.0,1166.0,2002.0,1300.0,1303.0,2204.0,3364.0,46796.0,12717210.0
ID1136,9340.0,9350.0,7758.0,8207.0,6052.0,1716.0,1817.0,1935.0,1864.0,2141.0,4857.0,50180.0,14557030.0
ID6397,9571.0,8690.0,6839.0,6925.0,11906.0,1573.0,1203.0,1945.0,1639.0,1589.0,5966.0,51880.0,13209140.0
ID1611,5920.0,9581.0,7546.0,10570.0,7921.0,2200.0,2052.0,1559.0,1858.0,1977.0,3632.0,51184.0,14856200.0
ID1908,6441.0,7179.0,6518.0,8819.0,10069.0,1858.0,2312.0,2360.0,2021.0,1832.0,5212.0,49409.0,15418990.0
ID6849,7234.0,11226.0,12163.0,8957.0,9881.0,2005.0,2196.0,1611.0,1521.0,2164.0,5977.0,58958.0,15531120.0
ID9403,8641.0,4676.0,11836.0,8191.0,9037.0,1788.0,1860.0,1989.0,1798.0,1642.0,4330.0,51458.0,14392850.0
ID2327,7956.0,7772.0,10174.0,9105.0,7499.0,2090.0,1838.0,1399.0,1635.0,1664.0,4214.0,51132.0,13878670.0
ID5463,5437.0,9813.0,10485.0,10723.0,9218.0,1843.0,1843.0,1980.0,1028.0,1539.0,5266.0,53909.0,13811120.0
ID5758,9029.0,6435.0,6669.0,9067.0,8877.0,1555.0,1463.0,2000.0,1968.0,2007.0,4401.0,49070.0,13961040.0
ID3205,10924.0,6871.0,6065.0,8519.0,11367.0,1931.0,1138.0,1793.0,1840.0,1911.0,2997.0,52359.0,13939590.0
ID5498,9539.0,10437.0,8584.0,6666.0,8061.0,1529.0,1598.0,1491.0,1724.0,1635.0,2894.0,51264.0,13139920.0
ID8892,9932.0,10864.0,8047.0,8684.0,10827.0,1926.0,1863.0,2105.0,2067.0,1415.0,3114.0,57730.0,15211980.0
ID9712,7860.0,5291.0,10637.0,7329.0,11425.0,2223.0,1983.0,1570.0,2494.0,1848.0,4168.0,52660.0,15488860.0
ID4878,8074.0,10498.0,8982.0,7823.0,10928.0,1247.0,2178.0,2067.0,2017.0,1556.0,5508.0,55370.0,14613190.0
ID8989,8234.0,7943.0,7785.0,6336.0,10618.0,1446.0,1524.0,2156.0,1740.0,1496.0,3359.0,49278.0,13366620.0
ID6869,9126.0,13157.0,11054.0,6731.0,10415.0,1641.0,2134.0,1914.0,1611.0,2304.0,3381.0,60087.0,15690370.0
ID6228,11271.0,8635.0,8153.0,9306.0,9175.0,1958.0,2017.0,2013.0,1393.0,1620.0,5549.0,55541.0,14707430.0
ID8739,7554.0,8028.0,7867.0,5591.0,8800.0,2036.0,1894.0,2434.0,2240.0,1956.0,4346.0,48400.0,15499690.0
ID9784,7734.0,9632.0,7082.0,8876.0,7070.0,1977.0,1963.0,1472.0,1153.0,1687.0,3084.0,48646.0,13247100.0
ID6958,6907.0,7218.0,9335.0,9834.0,8094.0,2236.0,1984.0,1745.0,2002.0,1495.0,5071.0,50850.0,14678820.0
ID5913,15585.0,12876.0,14813.0,12910.0,12345.0,2152.0,3316.0,1968.0,2269.0,1627.0,6263.0,79861.0,19424170.0
ID8884,7146.0,8593.0,8586.0,9601.0,9588.0,2228.0,1560.0,1496.0,2033.0,1921.0,4922.0,52752.0,14607430.0
ID7910,8607.0,8156.0,11402.0,7748.0,9540.0,2257.0,1621.0,1556.0,1647.0,1954.0,4487.0,54488.0,14655060.0
ID7799,12755.0,11706.0,14221.0,11686.0,13645.0,2345.0,2384.0,2031.0,2305.0,1990.0,6217.0,75068.0,18692500.0
ID7834,10886.0,8294.0,7927.0,9441.0,8503.0,1937.0,1678.0,1104.0,1618.0,2307.0,4726.0,53695.0,14096930.0
ID5163,7284.0,12510.0,9506.0,10484.0,10606.0,1663.0,1802.0,1786.0,1536.0,1813.0,5293.0,58990.0,14570960.0
ID1467,5989.0,5147.0,9412.0,9544.0,7189.0,2062.0,1681.0,2348.0,2160.0,2148.0,5024.0,47680.0,15317250.0
ID1840,10558.0,10300.0,11343.0,11029.0,8654.0,2008.0,1482.0,1600.0,1952.0,1312.0,3590.0,60238.0,14473830.0
ID1566,6802.0,6511.0,8354.0,7261.0,7359.0,1586.0,1861.0,2083.0,1584.0,2064.0,4144.0,45465.0,13847280.0
ID2138,8071.0,8754.0,9154.0,7665.0,8300.0,1983.0,2711.0,2090.0,1278.0,2263.0,3862.0,52269.0,15730900.0
ID5124,8496.0,9275.0,10462.0,13000.0,7962.0,1394.0,1569.0,1833.0,1539.0,2017.0,5469.0,57547.0,14195720.0
ID2241,10445.0,9760.0,7120.0,8934.0,7840.0,2184.0,1518.0,1167.0,1303.0,1555.0,2934.0,51826.0,13029650.0
ID8229,13166.0,11533.0,12263.0,15142.0,14098.0,2766.0,2281.0,2082.0,2226.0,1844.0,8044.0,77401.0,19104500.0
ID1721,8743.0,9036.0,7649.0,7555.0,7357.0,1899.0,2305.0,1611.0,2070.0,1359.0,3622.0,49584.0,14251980.0
ID1029,9166.0,7577.0,9158.0,7961.0,6918.0,1659.0,2190.0,1891.0,1513.0,1109.0,4373.0,49142.0,13401160.0
ID4908,9458.0,10153.0,8017.0,7534.0,10188.0,2090.0,1975.0,1938.0,2025.0,1636.0,4299.0,55014.0,15247440.0
ID1303,5581.0,10000.0,10546.0,10157.0,10234.0,1504.0,1950.0,1987.0,2181.0,1949.0,4947.0,56089.0,15217010.0
ID5207,7504.0,5389.0,6093.0,7358.0,7597.0,1651.0,1431.0,1904.0,1871.0,2079.0,3817.0,42877.0,13303940.0
ID4343,8282.0,11425.0,8277.0,10284.0,7446.0,1671.0,1790.0,2129.0,1636.0,1699.0,3317.0,54639.0,14467370.0
ID8741,9246.0,8605.0,7986.0,8864.0,11039.0,2266.0,1374.0,1353.0,1114.0,2109.0,2858.0,53956.0,13788260.0
ID1314,8824.0,10772.0,9552.0,8105.0,6537.0,1489.0,1451.0,2137.0,1958.0,1923.0,4152.0,52748.0,14280550.0
ID4505,6040.0,5047.0,9846.0,7735.0,7773.0,1212.0,1924.0,2165.0,2013.0,1926.0,3414.0,45681.0,13884240.0
ID8530,10815.0,7863.0,9096.0,8821.0,5572.0,2258.0,2273.0,1319.0,1816.0,1181.0,4787.0,51014.0,14070880.0
ID2253,9493.0,9820.0,9033.0,7714.0,9523.0,1660.0,2032.0,1122.0,1579.0,1329.0,4166.0,53305.0,13108830.0
ID2051,8951.0,9572.0,10119.0,9338.0,7386.0,2045.0,1662.0,2069.0,1691.0,1833.0,3354.0,54666.0,14910920.0
ID7703,9706.0,9099.0,10425.0,7866.0,8121.0,1948.0,1570.0,2301.0,1714.0,1870.0,3224.0,54620.0,15016710.0
ID5357,7258.0,9278.0,9753.0,9014.0,3746.0,1489.0,1682.0,1931.0,1582.0,1949.0,3719.0,47682.0,13493200.0
ID5566,5721.0,8390.0,6551.0,7599.0,7434.0,1768.0,1809.0,1726.0,1672.0,1646.0,2412.0,44316.0,13130110.0
ID1993,10429.0,4639.0,8096.0,5733.0,7681.0,1849.0,1950.0,1892.0,1118.0,1632.0,3508.0,45019.0,13145170.0
ID5458,12744.0,8374.0,10608.0,7337.0,9611.0,1495.0,1455.0,2051.0,1524.0,1232.0,4075.0,56431.0,13522090.0
ID9960,7142.0,6123.0,8809.0,5699.0,11328.0,1815.0,1878.0,1359.0,1958.0,2257.0,3905.0,48368.0,14184310.0
ID1202,9179.0,11651.0,7080.0,8044.0,10523.0,1936.0,1758.0,2182.0,1679.0,2232.0,3927.0,56264.0,15502490.0
ID3156,9296.0,7934.0,10719.0,8425.0,9876.0,2051.0,1302.0,1585.0,2078.0,2193.0,3880.0,55459.0,14859300.0
ID5979,8719.0,7902.0,7985.0,8827.0,7502.0,1825.0,1996.0,1989.0,1789.0,1953.0,4522.0,50487.0,14704580.0
ID1425,9643.0,7681.0,7742.0,7912.0,7363.0,1824.0,2116.0,1589.0,1164.0,1581.0,4783.0,48615.0,13281560.0
ID7758,9034.0,11686.0,7376.0,7057.0,10381.0,1483.0,1907.0,1565.0,1818.0,1262.0,5914.0,53569.0,13393550.0
ID9572,7461.0,7745.0,8184.0,8396.0,8367.0,1856.0,1669.0,2182.0,1979.0,1812.0,4630.0,49651.0,14564290.0
ID8297,5674.0,6017.0,7526.0,4281.0,4804.0,618.0,628.0,511.0,580.0,559.0,2448.0,31198.0,6060240.0
ID1356,5135.0,5739.0,6005.0,6200.0,4992.0,636.0,655.0,671.0,740.0,557.0,3680.0,31330.0,6417810.0
ID7308,3928.0,4821.0,5523.0,3407.0,6111.0,576.0,611.0,621.0,628.0,633.0,2152.0,26859.0,5787770.0
ID1832,5641.0,4916.0,6042.0,4348.0,3643.0,710.0,629.0,527.0,525.0,576.0,1930.0,27557.0,5778810.0
ID1983,6755.0,5788.0,5866.0,5240.0,4663.0,500.0,642.0,574.0,677.0,698.0,2014.0,31403.0,6243080.0
ID6162,3551.0,6807.0,4514.0,4803.0,5343.0,658.0,684.0,658.0,702.0,569.0,3087.0,28289.0,6105470.0
ID4532,4107.0,4343.0,5120.0,3596.0,4888.0,527.0,676.0,573.0,630.0,602.0,2492.0,25062.0,5540320.0
ID6745,6627.0,4444.0,5466.0,6164.0,5058.0,593.0,483.0,634.0,658.0,667.0,2496.0,30794.0,6149820.0
ID6878,3455.0,5278.0,4748.0,4429.0,4464.0,777.0,600.0,590.0,546.0,669.0,3027.0,25556.0,5784900.0
ID8588,6596.0,6782.0,4432.0,4563.0,4233.0,638.0,662.0,726.0,755.0,533.0,2563.0,29920.0,6307100.0
ID4432,4625.0,5596.0,5472.0,4314.0,4667.0,456.0,700.0,643.0,693.0,680.0,2784.0,27846.0,5963810.0
ID1927,5104.0,4338.0,2606.0,4771.0,4470.0,634.0,672.0,640.0,619.0,632.0,741.0,24486.0,5661780.0
ID5967,4756.0,4687.0,4731.0,4059.0,5139.0,674.0,602.0,594.0,570.0,719.0,1390.0,26531.0,5852640.0
ID8366,4063.0,4764.0,4522.0,4287.0,3141.0,504.0,597.0,666.0,481.0,688.0,2414.0,23713.0,5340480.0
ID2737,4553.0,4221.0,6564.0,4671.0,5849.0,659.0,706.0,588.0,510.0,516.0,1970.0,28837.0,5930430.0
ID8781,4877.0,4740.0,4712.0,4826.0,4746.0,661.0,715.0,634.0,519.0,645.0,2793.0,27075.0,5927120.0
ID2566,3960.0,5697.0,4437.0,3402.0,5444.0,595.0,674.0,679.0,608.0,616.0,3368.0,26112.0,5803250.0
ID6977,5513.0,3830.0,4324.0,5112.0,4088.0,702.0,594.0,698.0,680.0,579.0,2221.0,26120.0,5907040.0
ID4255,5954.0,6777.0,4044.0,5935.0,5660.0,410.0,731.0,699.0,738.0,546.0,2808.0,31494.0,6248220.0
ID1125,5450.0,5943.0,4053.0,6078.0,5857.0,535.0,569.0,654.0,550.0,562.0,1705.0,30251.0,5907400.0
ID1307,5510.0,6090.0,4386.0,5086.0,4777.0,658.0,618.0,621.0,629.0,684.0,2828.0,29059.0,6132810.0
ID7464,10326.0,11254.0,12053.0,9154.0,8084.0,1409.0,1156.0,1228.0,1182.0,1368.0,4419.0,57214.0,12156490.0
ID7133,4140.0,5706.0,6136.0,6605.0,5599.0,691.0,683.0,555.0,657.0,600.0,2022.0,31372.0,6358650.0
ID5322,4826.0,5486.0,4305.0,4502.0,4067.0,666.0,553.0,573.0,704.0,550.0,2453.0,26232.0,5682240.0
ID3554,4524.0,6693.0,6426.0,6952.0,1691.0,593.0,673.0,647.0,624.0,723.0,2038.0,29546.0,6241180.0
ID2592,6477.0,4740.0,7687.0,6124.0,5172.0,583.0,673.0,713.0,759.0,623.0,3645.0,33551.0,6753620.0
ID8867,8322.0,9192.0,10390.0,10190.0,8400.0,1170.0,1532.0,1285.0,1252.0,1304.0,4427.0,53037.0,11914730.0
ID5224,5398.0,3780.0,6660.0,4595.0,5717.0,593.0,709.0,677.0,584.0,566.0,2636.0,29279.0,6120450.0
ID5346,6172.0,5285.0,3949.0,3890.0,4199.0,572.0,579.0,567.0,767.0,628.0,2830.0,26608.0,5769290.0
ID7073,4356.0,5736.0,7184.0,6291.0,4246.0,600.0,616.0,656.0,725.0,554.0,1826.0,30964.0,6282180.0
ID3049,6651.0,5725.0,4707.0,4308.0,5207.0,586.0,462.0,655.0,688.0,610.0,2667.0,29599.0,5973270.0
ID9650,4709.0,4691.0,4649.0,6116.0,4888.0,594.0,748.0,514.0,586.0,584.0,2915.0,28079.0,5859980.0
ID8514,5261.0,5854.0,5600.0,5705.0,3892.0,565.0,608.0,507.0,625.0,637.0,2480.0,29254.0,5884210.0
ID5355,5776.0,4783.0,3806.0,6475.0,4974.0,549.0,645.0,356.0,654.0,674.0,3469.0,28692.0,5744730.0
ID5934,4810.0,5384.0,5388.0,5289.0,5827.0,732.0,593.0,747.0,604.0,584.0,2416.0,29958.0,6305990.0
ID7545,4612.0,4927.0,5821.0,4243.0,4723.0,565.0,501.0,752.0,656.0,649.0,2305.0,27449.0,5905340.0
ID7630,3573.0,4953.0,4814.0,5839.0,6720.0,659.0,649.0,579.0,585.0,700.0,3418.0,29071.0,6114060.0
ID7384,4390.0,3004.0,5070.0,5205.0,5537.0,686.0,628.0,741.0,530.0,662.0,1342.0,26453.0,5965610.0
ID3641,4785.0,4331.0,5242.0,4408.0,5307.0,497.0,709.0,641.0,648.0,508.0,2515.0,27076.0,5736660.0
ID4755,5563.0,5826.0,5079.0,5479.0,5604.0,616.0,637.0,605.0,677.0,491.0,3158.0,30577.0,6100380.0
ID1414,7486.0,5516.0,4707.0,4546.0,5800.0,645.0,691.0,631.0,510.0,625.0,2441.0,31157.0,6254660.0
ID7069,4060.0,6081.0,3000.0,4164.0,4948.0,564.0,601.0,505.0,618.0,675.0,1936.0,25216.0,5473640.0
ID7720,4361.0,5249.0,4627.0,4789.0,4280.0,666.0,659.0,558.0,691.0,496.0,991.0,26376.0,5726780.0
ID3018,4387.0,4484.0,5868.0,6022.0,4263.0,555.0,672.0,623.0,644.0,497.0,2158.0,28015.0,5828590.0
ID1382,5401.0,5978.0,5685.0,2956.0,4650.0,664.0,590.0,552.0,482.0,711.0,1295.0,27669.0,5808770.0
ID3499,4345.0,4103.0,5119.0,4421.0,6394.0,401.0,600.0,644.0,506.0,603.0,2838.0,27136.0,5499460.0
ID1723,5875.0,4045.0,4371.0,5571.0,3415.0,587.0,653.0,732.0,669.0,676.0,1429.0,26594.0,6008060.0
ID8809,4172.0,4849.0,4744.0,3999.0,5944.0,627.0,583.0,725.0,598.0,680.0,1694.0,26921.0,5943200.0
ID3269,5743.0,4006.0,6833.0,3896.0,2138.0,654.0,651.0,596.0,734.0,692.0,2599.0,25943.0,5971370.0
ID8559,4052.0,3296.0,4998.0,3495.0,3918.0,701.0,600.0,443.0,610.0,660.0,3006.0,22773.0,5339570.0
ID1446,4806.0,3619.0,5257.0,3804.0,4229.0,612.0,716.0,650.0,534.0,642.0,1432.0,24869.0,5697580.0
ID9330,6170.0,5265.0,4710.0,5003.0,5859.0,622.0,614.0,558.0,543.0,589.0,2164.0,29933.0,5949550.0
ID1323,4108.0,2133.0,3116.0,5801.0,5566.0,563.0,674.0,580.0,659.0,381.0,1990.0,23581.0,5244330.0
ID4800,5543.0,3887.0,5234.0,6766.0,5133.0,724.0,577.0,446.0,591.0,689.0,1667.0,29590.0,6035070.0
ID5842,4196.0,4458.0,4180.0,5841.0,4947.0,577.0,542.0,765.0,464.0,704.0,1241.0,26674.0,5766170.0
ID7552,4270.0,4274.0,5828.0,4844.0,2687.0,597.0,644.0,644.0,647.0,632.0,2518.0,25067.0,5713440.0
ID8822,4174.0,3873.0,3758.0,5156.0,4321.0,626.0,628.0,534.0,764.0,567.0,1567.0,24401.0,5570850.0
ID2951,3882.0,3677.0,6292.0,3505.0,4372.0,646.0,723.0,663.0,508.0,724.0,1892.0,24992.0,5836300.0
ID3125,5576.0,5473.0,5593.0,4359.0,5093.0,547.0,731.0,671.0,471.0,637.0,2552.0,29151.0,6014450.0
ID8375,5571.0,6726.0,4440.0,4927.0,4960.0,511.0,585.0,473.0,646.0,537.0,1938.0,29376.0,5676890.0
ID1911,3995.0,3757.0,4811.0,4326.0,5300.0,530.0,611.0,720.0,576.0,659.0,2845.0,25285.0,5666440.0
ID8755,6172.0,5706.0,5372.0,5335.0,4734.0,680.0,664.0,670.0,581.0,647.0,2373.0,30561.0,6338160.0
ID6513,5621.0,4567.0,5113.0,5676.0,3727.0,602.0,515.0,577.0,651.0,634.0,2233.0,27683.0,5776710.0
ID6859,4030.0,4453.0,5385.0,3923.0,2610.0,659.0,630.0,718.0,513.0,463.0,1117.0,23384.0,5381220.0
ID3631,3654.0,6320.0,6634.0,4891.0,3861.0,646.0,664.0,647.0,525.0,660.0,3172.0,28502.0,6039790.0
ID4548,5932.0,5241.0,6161.0,5661.0,5238.0,668.0,667.0,626.0,584.0,621.0,2112.0,31399.0,6354800.0
ID8661,3703.0,5703.0,6739.0,5757.0,5618.0,620.0,552.0,481.0,587.0,611.0,3031.0,30371.0,5925810.0
ID3762,5330.0,3461.0,5640.0,4454.0,3748.0,637.0,773.0,724.0,560.0,671.0,1627.0,25998.0,6030490.0
ID1304,10505.0,10154.0,9819.0,10044.0,9795.0,1355.0,1129.0,1229.0,1454.0,1432.0,6607.0,56916.0,12338800.0
ID4205,3933.0,6645.0,5180.0,6398.0,5779.0,539.0,692.0,621.0,616.0,460.0,3477.0,30863.0,6023000.0
ID7161,6014.0,5744.0,4597.0,4613.0,4642.0,620.0,556.0,708.0,670.0,549.0,2072.0,28713.0,5993230.0
ID2423,4934.0,4534.0,4986.0,6331.0,3609.0,638.0,752.0,632.0,598.0,548.0,1483.0,27562.0,5964320.0
ID6201,5271.0,4749.0,6329.0,3398.0,4978.0,609.0,631.0,669.0,575.0,719.0,2631.0,27928.0,6048450.0
ID5959,4691.0,4165.0,4337.0,4767.0,5503.0,617.0,783.0,688.0,622.0,521.0,2482.0,26694.0,5936020.0
ID8138,4292.0,4343.0,5208.0,5939.0,5700.0,569.0,723.0,492.0,454.0,562.0,2762.0,28282.0,5672950.0
ID4302,5452.0,5224.0,3579.0,4152.0,4436.0,528.0,681.0,664.0,583.0,621.0,2209.0,25920.0,5680250.0
ID2391,5893.0,4788.0,5396.0,6022.0,5704.0,548.0,655.0,394.0,646.0,470.0,2268.0,30516.0,5780580.0
ID7722,6376.0,3879.0,5803.0,5114.0,5638.0,618.0,669.0,711.0,664.0,689.0,1661.0,30161.0,6417290.0
ID7001,4509.0,5566.0,4083.0,4184.0,4916.0,761.0,481.0,630.0,503.0,602.0,1386.0,26235.0,5642970.0
ID9181,4953.0,4821.0,6644.0,6143.0,6318.0,661.0,552.0,701.0,430.0,604.0,3004.0,31827.0,6207080.0
ID6149,4087.0,5275.0,6384.0,6267.0,4481.0,587.0,664.0,630.0,590.0,663.0,2893.0,29628.0,6139090.0
ID2333,3684.0,4083.0,4466.0,4731.0,6072.0,621.0,572.0,617.0,457.0,561.0,2363.0,25864.0,5465480.0
ID2533,4398.0,6066.0,4099.0,6211.0,5144.0,738.0,672.0,646.0,720.0,629.0,2166.0,29323.0,6351730.0
ID4013,6427.0,6599.0,5138.0,5384.0,5292.0,629.0,568.0,552.0,669.0,589.0,1885.0,31847.0,6200690.0
ID5926,1908.0,4028.0,5219.0,4948.0,4672.0,426.0,640.0,678.0,732.0,521.0,2749.0,23772.0,5389410.0
ID4384,5648.0,4708.0,3772.0,5911.0,5339.0,587.0,523.0,544.0,578.0,604.0,2164.0,28214.0,5676140.0
ID9544,4879.0,6465.0,6688.0,5156.0,4773.0,642.0,513.0,575.0,675.0,634.0,2438.0,31000.0,6166680.0
ID2085,3718.0,3582.0,5594.0,4455.0,6698.0,651.0,653.0,708.0,598.0,476.0,3269.0,27133.0,5860120.0
ID8087,4605.0,5670.0,6884.0,5041.0,5381.0,557.0,587.0,758.0,623.0,768.0,2643.0,30874.0,6423840.0
ID4960,5421.0,5434.0,5558.0,4093.0,6751.0,603.0,669.0,640.0,699.0,715.0,2819.0,30583.0,6407940.0
ID7063,4944.0,5866.0,5007.0,5561.0,3946.0,593.0,672.0,719.0,535.0,672.0,1516.0,28515.0,6075660.0
ID7686,5891.0,6251.0,6344.0,5473.0,3752.0,597.0,691.0,713.0,627.0,690.0,2510.0,31029.0,6454480.0
ID6334,4886.0,5917.0,5406.0,5891.0,2833.0,652.0,598.0,615.0,596.0,558.0,2232.0,27952.0,5845440.0
ID7594,3051.0,5339.0,6018.0,5150.0,6572.0,654.0,700.0,632.0,529.0,675.0,2158.0,29320.0,6172890.0
ID9659,5672.0,5544.0,3768.0,3761.0,4405.0,748.0,614.0,626.0,680.0,615.0,3382.0,26433.0,5946640.0
ID6875,3853.0,6983.0,4537.0,4557.0,7500.0,495.0,661.0,661.0,624.0,659.0,2315.0,30530.0,6148690.0
ID3522,5846.0,5336.0,5049.0,5072.0,4890.0,560.0,613.0,582.0,536.0,610.0,2208.0,29094.0,5839030.0
ID9607,7294.0,4225.0,6118.0,5126.0,5531.0,596.0,658.0,638.0,708.0,551.0,3244.0,31445.0,6335130.0
ID6137,4121.0,5959.0,3359.0,3558.0,3979.0,672.0,627.0,648.0,600.0,689.0,2055.0,24212.0,5670800.0
ID9620,4118.0,4345.0,5072.0,4707.0,5488.0,559.0,722.0,663.0,576.0,570.0,2739.0,26820.0,5810720.0
ID4057,5769.0,4273.0,6166.0,5105.0,5041.0,632.0,736.0,527.0,630.0,685.0,2587.0,29564.0,6211880.0
ID8367,6899.0,4834.0,4801.0,4203.0,4515.0,752.0,721.0,522.0,620.0,754.0,2324.0,28621.0,6270070.0
ID1587,4342.0,5728.0,5946.0,3699.0,6288.0,623.0,625.0,553.0,673.0,613.0,2718.0,29090.0,6020830.0
ID2453,6087.0,7570.0,5871.0,5735.0,5391.0,633.0,641.0,749.0,732.0,541.0,2306.0,33950.0,6701560.0
ID6161,3990.0,5951.0,4009.0,6827.0,3304.0,566.0,685.0,525.0,599.0,585.0,1215.0,27041.0,5667630.0
ID4271,4973.0,6357.0,5013.0,5221.0,5581.0,596.0,567.0,561.0,684.0,547.0,2360.0,30100.0,5970810.0
ID2857,3916.0,5283.0,6413.0,5688.0,5507.0,716.0,635.0,657.0,562.0,673.0,2374.0,30050.0,6307550.0
ID1217,5303.0,4136.0,6296.0,5818.0,3685.0,593.0,602.0,537.0,713.0,675.0,1817.0,28358.0,5992250.0
ID9060,5618.0,4595.0,6119.0,5086.0,3525.0,639.0,649.0,557.0,569.0,589.0,3243.0,27946.0,5847690.0
ID4613,5423.0,4482.0,5496.0,6277.0,4680.0,668.0,572.0,617.0,653.0,563.0,1882.0,29431.0,6058590.0
ID7679,2794.0,4380.0,3428.0,3643.0,5959.0,551.0,567.0,639.0,563.0,519.0,1596.0,23043.0,5164530.0
ID8797,4576.0,5355.0,3295.0,5759.0,4529.0,495.0,629.0,530.0,632.0,610.0,1032.0,26410.0,5529200.0
ID2002,4774.0,6047.0,4835.0,4523.0,4884.0,726.0,585.0,582.0,687.0,510.0,2184.0,28153.0,5926180.0
ID7527,5611.0,4541.0,5049.0,4245.0,3196.0,623.0,667.0,542.0,677.0,676.0,962.0,25827.0,5794480.0
ID4107,5621.0,5828.0,3567.0,7382.0,5441.0,665.0,706.0,421.0,653.0,588.0,2064.0,30872.0,6119840.0
ID1935,6569.0,5970.0,4936.0,6012.0,6156.0,620.0,629.0,741.0,645.0,660.0,3056.0,32938.0,6613010.0
ID4030,4320.0,3815.0,6263.0,4607.0,4754.0,655.0,602.0,638.0,593.0,706.0,3096.0,26953.0,5951880.0
ID4962,3835.0,6261.0,6391.0,5397.0,5589.0,643.0,560.0,647.0,598.0,709.0,2742.0,30630.0,6258150.0
ID5642,5993.0,4825.0,5053.0,4782.0,5352.0,585.0,519.0,646.0,695.0,527.0,3372.0,28977.0,5893280.0
ID2631,5387.0,4930.0,5792.0,4891.0,3980.0,667.0,732.0,702.0,491.0,586.0,2745.0,28158.0,6055120.0
ID2504,4917.0,4730.0,4616.0,5612.0,5540.0,597.0,680.0,575.0,655.0,456.0,2656.0,28378.0,5822610.0
ID4195,6415.0,5619.0,5510.0,5186.0,4766.0,550.0,617.0,596.0,624.0,728.0,2795.0,30611.0,6197410.0
ID5176,5002.0,4990.0,4471.0,5831.0,2653.0,640.0,539.0,601.0,657.0,531.0,2463.0,25915.0,5582660.0
ID8114,5776.0,4823.0,3321.0,4185.0,6272.0,674.0,649.0,629.0,653.0,628.0,2576.0,27610.0,6012530.0
ID8208,5316.0,4699.0,5224.0,4674.0,5918.0,629.0,485.0,701.0,583.0,623.0,2902.0,28852.0,5951100.0
ID3107,5630.0,6518.0,4825.0,5635.0,4467.0,699.0,532.0,520.0,736.0,653.0,1531.0,30215.0,6166870.0
ID7950,5021.0,5442.0,4217.0,5023.0,6621.0,659.0,648.0,637.0,560.0,689.0,2505.0,29517.0,6174200.0
ID1541,5915.0,5133.0,5353.0,7273.0,5386.0,604.0,796.0,681.0,766.0,688.0,3297.0,32595.0,6814550.0
ID7567,5843.0,4948.0,4516.0,5474.0,3939.0,586.0,728.0,625.0,645.0,599.0,2728.0,27903.0,5994330.0
ID4862,6229.0,2286.0,5389.0,4706.0,6624.0,614.0,616.0,664.0,628.0,576.0,2586.0,28332.0,5994030.0
ID6953,4714.0,7613.0,5632.0,3982.0,4785.0,565.0,623.0,670.0,509.0,498.0,2116.0,29591.0,5843390.0
ID4173,4319.0,6102.0,6595.0,4489.0,5134.0,613.0,744.0,566.0,635.0,658.0,2401.0,29855.0,6232530.0
ID1036,4934.0,5708.0,6200.0,5526.0,5835.0,567.0,583.0,725.0,564.0,722.0,2059.0,31364.0,6338870.0
ID8448,3439.0,5702.0,3689.0,5785.0,5319.0,567.0,641.0,623.0,652.0,701.0,1427.0,27118.0,5898320.0
ID6737,7483.0,5181.0,5137.0,5348.0,3406.0,579.0,680.0,711.0,521.0,648.0,2984.0,29694.0,6149310.0
ID8304,2969.0,5313.0,6078.0,4479.0,4907.0,603.0,526.0,457.0,736.0,625.0,1363.0,26693.0,5633500.0
ID6052,5087.0,5289.0,5791.0,5882.0,5636.0,530.0,598.0,668.0,592.0,660.0,2915.0,30733.0,6153520.0
ID5189,4667.0,5433.0,5455.0,4902.0,4477.0,586.0,597.0,696.0,583.0,638.0,814.0,28034.0,5938720.0
ID5712,4851.0,3624.0,5130.0,3080.0,5989.0,553.0,642.0,518.0,691.0,630.0,2735.0,25708.0,5631960.0
ID6411,6793.0,4723.0,4636.0,3979.0,6449.0,659.0,651.0,605.0,605.0,528.0,2146.0,29628.0,6045580.0
ID1769,4688.0,2867.0,4207.0,6611.0,5716.0,714.0,590.0,623.0,576.0,570.0,2366.0,27162.0,5847550.0
ID4014,3566.0,6083.0,5326.0,4976.0,5634.0,588.0,681.0,698.0,644.0,581.0,1509.0,28777.0,6091430.0
ID6020,5303.0,6714.0,6695.0,3478.0,4093.0,610.0,629.0,591.0,546.0,667.0,2447.0,29326.0,6011360.0
ID7045,4184.0,6830.0,5931.0,5659.0,6198.0,603.0,626.0,645.0,676.0,712.0,1997.0,32064.0,6484360.0
ID7863,4217.0,4133.0,5994.0,6062.0,5099.0,664.0,589.0,515.0,673.0,542.0,3239.0,28488.0,5875260.0
ID8293,4173.0,5704.0,5035.0,4214.0,5044.0,454.0,685.0,648.0,630.0,688.0,777.0,27275.0,5840610.0
ID3723,7069.0,4543.0,7071.0,4011.0,5274.0,611.0,616.0,602.0,628.0,658.0,2001.0,31083.0,6276980.0
ID7492,4836.0,7045.0,6464.0,5437.0,5599.0,698.0,783.0,646.0,629.0,661.0,3077.0,32798.0,6730190.0
ID4984,3420.0,2349.0,3881.0,4431.0,6163.0,601.0,486.0,630.0,549.0,620.0,2101.0,23130.0,5251020.0
ID4028,5598.0,4079.0,3442.0,4800.0,5102.0,563.0,542.0,562.0,653.0,539.0,1365.0,25880.0,5459730.0
ID3203,5469.0,4877.0,3668.0,5493.0,6253.0,573.0,582.0,605.0,663.0,673.0,2657.0,28856.0,5990760.0
ID9641,6026.0,5549.0,6844.0,4746.0,4213.0,591.0,649.0,698.0,570.0,632.0,3057.0,30518.0,6241750.0
ID7359,6152.0,6086.0,5783.0,6059.0,4995.0,413.0,709.0,624.0,649.0,696.0,3876.0,32166.0,6312170.0
ID1476,3261.0,4053.0,5108.0,5729.0,4779.0,620.0,669.0,583.0,639.0,622.0,2294.0,26063.0,5777100.0
ID1256,6686.0,3432.0,2899.0,3177.0,6077.0,640.0,619.0,568.0,712.0,752.0,1202.0,25562.0,5863070.0
ID8378,3947.0,7209.0,4673.0,4919.0,6146.0,587.0,535.0,692.0,651.0,742.0,2513.0,30101.0,6219940.0
ID5867,3824.0,4096.0,5147.0,5341.0,5673.0,664.0,711.0,449.0,640.0,587.0,2223.0,27132.0,5799560.0
ID1968,3604.0,5267.0,5163.0,4718.0,5312.0,623.0,629.0,541.0,616.0,681.0,2504.0,27154.0,5832110.0
ID3859,5118.0,6527.0,5185.0,4760.0,4821.0,546.0,639.0,589.0,543.0,759.0,1695.0,29487.0,6041030.0
ID8092,5763.0,4320.0,4584.0,6550.0,3602.0,644.0,647.0,681.0,616.0,667.0,2683.0,28074.0,6101890.0
ID7736,4937.0,4146.0,5252.0,5001.0,4393.0,448.0,694.0,604.0,580.0,670.0,2353.0,26725.0,5696560.0
ID3813,5483.0,5707.0,4513.0,4935.0,5648.0,578.0,672.0,625.0,566.0,664.0,2429.0,29391.0,6064610.0
ID1255,6363.0,5182.0,3813.0,5077.0,6567.0,658.0,720.0,555.0,480.0,648.0,3205.0,30063.0,6099160.0
ID7562,5053.0,4780.0,4623.0,4405.0,5332.0,704.0,673.0,464.0,614.0,558.0,1043.0,27206.0,5764230.0
ID1143,5815.0,5258.0,5299.0,5662.0,6105.0,574.0,546.0,618.0,693.0,699.0,1770.0,31269.0,6276310.0
ID7484,2713.0,4485.0,5468.0,6097.0,5244.0,608.0,598.0,498.0,516.0,608.0,1828.0,26835.0,5555430.0
ID1866,4308.0,5038.0,6071.0,6210.0,7010.0,629.0,630.0,544.0,568.0,583.0,2556.0,31591.0,6156730.0
ID7033,5154.0,4543.0,5019.0,5327.0,6341.0,583.0,538.0,729.0,693.0,597.0,2384.0,29524.0,6122610.0
ID5792,6954.0,3117.0,6622.0,2480.0,4090.0,556.0,638.0,683.0,565.0,619.0,1991.0,26324.0,5761700.0
ID5884,5197.0,6719.0,5483.0,5028.0,5178.0,585.0,699.0,522.0,666.0,714.0,2302.0,30791.0,6270740.0
ID9786,3301.0,4424.0,3998.0,4378.0,6728.0,656.0,687.0,579.0,749.0,454.0,1954.0,25954.0,5735790.0
ID5003,5904.0,5265.0,6020.0,5836.0,5572.0,498.0,742.0,645.0,613.0,528.0,3065.0,31623.0,6216600.0
ID3435,5517.0,7461.0,5307.0,4549.0,4986.0,662.0,589.0,516.0,695.0,565.0,1741.0,30847.0,6112660.0
ID7750,5860.0,4403.0,3610.0,6882.0,2954.0,725.0,598.0,682.0,582.0,565.0,1761.0,26861.0,5878570.0
ID2897,5240.0,5588.0,5477.0,4286.0,5641.0,721.0,617.0,569.0,636.0,722.0,2716.0,29497.0,6250540.0
ID4119,4179.0,5104.0,3951.0,4503.0,6038.0,624.0,508.0,631.0,602.0,573.0,2436.0,26713.0,5631520.0
ID2978,4092.0,5710.0,4934.0,5006.0,4800.0,634.0,503.0,655.0,682.0,679.0,2969.0,27695.0,5942690.0
ID6549,4932.0,6148.0,4826.0,5844.0,5935.0,742.0,611.0,677.0,716.0,543.0,2441.0,30974.0,6409630.0
ID1210,4745.0,7020.0,5510.0,5246.0,5113.0,519.0,532.0,664.0,608.0,677.0,2725.0,30634.0,6072600.0
ID8207,6379.0,4611.0,4484.0,4285.0,6164.0,599.0,694.0,683.0,565.0,619.0,2901.0,29083.0,6104580.0
